Name,Gene(s),Protein change,Condition(s),Accession,GRCh37Chromosome,GRCh37Location,GRCh38Chromosome,GRCh38Location,VariationID,AlleleID(s),dbSNP ID,Canonical SPDI,Variant type,Molecular consequence,Germline classification,Germline date last evaluated,Germline review status,Somatic clinical impact,Somatic clinical impact date last evaluated,Somatic clinical impact review status,Oncogenicity classification,Oncogenicity date last evaluated,Oncogenicity review status
GRCh38/hg38 4q12-22.3(chr4:51831622-97505618)x3,AASDH|ABCG2|ABRAXAS1|ADAMTS3|ADGRL3|ADGRL3-AS1|AFF1|AFF1-AS1|AFM|AFP|ALB|AMBN|AMTN|ANKRD17|ANKRD17-DT|ANTXR2|ANXA3|AREG|ARHGAP24|ARL9|ART3|ATOH1|BMP2K|BMP2K-DT|BMP3|BMPR1B|BMPR1B-DT|BTC|C4orf36|CABS1|CCDC158|CCNG2|CCNG2-AS1|CCNI|CCSER1|CDKL2|CDS1|CENPC|CEP135|CFAP299|CHIC2|CLOCK|CLOCK-AS1|CNOT6L|COPS4|COQ2|COX18|CRACD|CRACD-AS1|CSN1S1|CSN2|CSN3|CXCL1|CXCL10|CXCL11|CXCL13|CXCL2|CXCL3|CXCL3-AS1|CXCL5|CXCL6|CXCL8|CXCL9|DANCR|DCK|DCUN1D4|DMP1|DMP1-AS1|DSPP|ENAM|ENAM-AS1|ENOPH1|EPGN|EPHA5|EPHA5-AS1|EREG|EREG-AS1|ERVMER34-1|EXOC1|EXOC1-AS1|EXOC1L|FAM13A|FAM13A-AS1|FAM47E|FAM47E-STBD1|FDCSP|FGF5|FIP1L1|FIP1L1-AS1|FRAS1|G3BP2|GC|GK2|GNRHR|GPAT3|GPRIN3|GRID2|GRSF1|GSX2|HELQ|HERC3|HERC5|HERC5-AS1|HERC6|HNRNPD|HNRNPD-DT|HNRNPDL|HOPX|HPGDS|HPSE|HSD17B11|HSD17B13|HTN1|HTN3|IBSP|IGFBP7|IGFBP7-AS1|INKILN|JCHAIN|KDR|KIT|KLHL8|LIN54|LINC00575|LINC00989|LINC01088|LINC01094|LINC01618|LINC02232|LINC02260|LINC02267|LINC02271|LINC02283|LINC02358|LINC02380|LINC02429|LINC02480|LINC02483|LINC02494|LINC02496|LINC02499|LINC02562|LINC02619|LINC02835|LINC02994|LNCPRESS2|LNX1|LNX1-AS1|LNX1-AS2|LOC100506444|LOC101927237|LOC101928893|LOC105377253|LOC105377672|LOC107986281|LOC107988048|LOC110120742|LOC110120743|LOC110120745|LOC110120752|LOC110120783|LOC110121083|LOC110121104|LOC110121111|LOC110121177|LOC110121183|LOC110283621|LOC110351180|LOC111365205|LOC111589210|LOC111591506|LOC111828520|LOC111832670|LOC111832671|LOC112978669|LOC112978670|LOC112978671|LOC112997534|LOC112997535|LOC112997537|LOC112997538|LOC112997539|LOC112997540|LOC112997541|LOC112997542|LOC112997543|LOC112997544|LOC112997545|LOC112997546|LOC112997547|LOC114004386|LOC114803476|LOC114827842|LOC116158487|LOC116158488|LOC116158489|LOC116158490|LOC116158491|LOC116158492|LOC116158493|LOC116158494|LOC116158495|LOC116158496|LOC116158497|LOC116158498|LOC116158499|LOC116158500|LOC116158501|LOC116158502|LOC116158503|LOC121053179|LOC121053180|LOC121053181|LOC121053182|LOC121053183|LOC121053184|LOC121053185|LOC121053186|LOC121053187|LOC121053188|LOC121725171|LOC121725172|LOC121725173|LOC121725174|LOC121725175|LOC121725176|LOC121725177|LOC121725178|LOC123477742|LOC123477743|LOC123477744|LOC123477745|LOC123477746|LOC123477747|LOC123477748|LOC123477749|LOC123477750|LOC123477751|LOC123477752|LOC123477753|LOC123477754|LOC123477755|LOC123477756|LOC123477757|LOC123477758|LOC123477759|LOC123477760|LOC123477761|LOC123477762|LOC123477763|LOC123477764|LOC123477765|LOC123477766|LOC123477767|LOC123477768|LOC123477769|LOC123477770|LOC123477771|LOC123477772|LOC123477773|LOC123477774|LOC123477775|LOC123477776|LOC123477777|LOC123477778|LOC123477779|LOC123477780|LOC123477781|LOC123477782|LOC123477783|LOC123477784|LOC123477785|LOC123477786|LOC123477787|LOC123477788|LOC123477789|LOC123477790|LOC126807053|LOC126807054|LOC126807055|LOC126807056|LOC126807057|LOC126807058|LOC126807059|LOC126807060|LOC126807061|LOC126807062|LOC126807063|LOC126807064|LOC126807065|LOC126807066|LOC126807067|LOC126807068|LOC126807069|LOC126807070|LOC126807071|LOC126807072|LOC126807073|LOC126807074|LOC126807075|LOC126807076|LOC126807077|LOC126807078|LOC126807079|LOC126807080|LOC126807081|LOC126807082|LOC126807083|LOC126807084|LOC126807085|LOC126807086|LOC126807087|LOC126807088|LOC126807089|LOC126807090|LOC126807091|LOC126807092|LOC126807093|LOC126807094|LOC126807095|LOC126807096|LOC126807097|LOC126807098|LOC126807099|LOC126807100|LOC126807101|LOC126807102|LOC126807103|LOC126807104|LOC126807105|LOC126807106|LOC126807107|LOC126807108|LOC126807109|LOC126807110|LOC126807111|LOC126807112|LOC126807113|LOC126807114|LOC126807115|LOC126807116|LOC126807117|LOC129389211|LOC129389212|LOC129389213|LOC129389214|LOC129389215|LOC129389216|LOC129389217|LOC129389218|LOC129389219|LOC129389220|LOC129389221|LOC129389222|LOC129389223|LOC129389224|LOC129389225|LOC129389226|LOC129389227|LOC129389228|LOC129389229|LOC129992579|LOC129992580|LOC129992581|LOC129992582|LOC129992583|LOC129992584|LOC129992585|LOC129992586|LOC129992587|LOC129992588|LOC129992589|LOC129992590|LOC129992591|LOC129992592|LOC129992593|LOC129992594|LOC129992595|LOC129992596|LOC129992597|LOC129992598|LOC129992599|LOC129992600|LOC129992601|LOC129992602|LOC129992603|LOC129992604|LOC129992605|LOC129992606|LOC129992607|LOC129992608|LOC129992609|LOC129992610|LOC129992611|LOC129992612|LOC129992613|LOC129992614|LOC129992615|LOC129992616|LOC129992617|LOC129992618|LOC129992619|LOC129992620|LOC129992621|LOC129992622|LOC129992623|LOC129992624|LOC129992625|LOC129992626|LOC129992627|LOC129992628|LOC129992629|LOC129992630|LOC129992631|LOC129992632|LOC129992633|LOC129992634|LOC129992635|LOC129992636|LOC129992637|LOC129992638|LOC129992639|LOC129992640|LOC129992641|LOC129992642|LOC129992643|LOC129992644|LOC129992645|LOC129992646|LOC129992647|LOC129992648|LOC129992649|LOC129992650|LOC129992651|LOC129992652|LOC129992653|LOC129992654|LOC129992655|LOC129992656|LOC129992657|LOC129992658|LOC129992659|LOC129992660|LOC129992661|LOC129992662|LOC129992663|LOC129992664|LOC129992665|LOC129992666|LOC129992667|LOC129992668|LOC129992669|LOC129992670|LOC129992671|LOC129992672|LOC129992673|LOC129992674|LOC129992675|LOC129992676|LOC129992677|LOC129992678|LOC129992679|LOC129992680|LOC129992681|LOC129992682|LOC129992683|LOC129992684|LOC129992685|LOC129992686|LOC129992687|LOC129992688|LOC129992689|LOC129992690|LOC129992691|LOC129992692|LOC129992693|LOC129992694|LOC129992695|LOC129992696|LOC129992697|LOC129992698|LOC129992699|LOC129992700|LOC129992701|LOC129992702|LOC129992703|LOC129992704|LOC129992705|LOC129992706|LOC129992707|LOC129992708|LOC129992709|LOC129992710|LOC129992711|LOC129992712|LOC129992713|LOC129992714|LOC129992715|LOC129992716|LOC129992717|LOC129992718|LOC129992719|LOC129992720|LOC129992721|LOC129992722|LOC129992723|LOC129992724|LOC129992725|LOC129992726|LOC129992727|LOC129992728|LOC129992729|LOC129992730|LOC129992731|LOC129992732|LOC129992733|LOC129992734|LOC129992735|LOC129992736|LOC129992737|LOC129992738|LOC129992739|LOC129992740|LOC129992741|LOC129992742|LOC129992743|LOC129992744|LOC129992745|LOC129992746|LOC129992747|LOC129992748|LOC129992749|LOC129992750|LOC129992751|LOC129992752|LOC129992753|LOC129992754|LOC129992755|LOC129992756|LOC129992757|LOC129992758|LOC129992759|LOC129992760|LOC129992761|LOC129992762|LOC129992763|LOC129992764|LOC129992765|LOC129992766|LOC129992767|LOC129992768|LOC129992769|LOC129992770|LOC129992771|LOC129992772|LOC129992773|LOC129992774|LOC129992775|LOC129992776|LOC129992777|LOC129992778|LOC129992779|LOC129992780|LOC129992781|LOC129992782|LOC129992783|LOC129992784|LOC129992785|LOC129992786|LOC129992787|LOC129992788|LOC129992789|LOC129992790|LOC129992791|LOC129992792|LOC129992793|LOC129992794|LOC129992795|LOC129992796|LOC129992797|LOC129992798|LOC129992799|LOC129992800|LOC129992801|LOC129992802|LOC129992803|LOC129992804|LOC129992805|LOC129992806|LOC129992807|LOC129992808|LOC129992809|LOC129992810|LOC129992811|LOC129992812|LOC129992813|LOC129992814|LOC129992815|LOC129992816|LOC129992817|LOC129992818|LOC129992819|LOC129992820|LOC129992821|LOC129992822|LOC129992823|LOC129992824|LOC129992825|LOC129992826|LOC129992827|LOC129992828|LOC129992829|LOC129992830|LOC129992831|LOC129992832|LOC129992833|LOC129992834|LOC129992835|LOC129992836|LOC129992837|LOC129992838|LOC129992839|LOC129992840|LOC129992841|LOC129992842|LOC129992843|LOC129992844|LOC129992845|LOC129992846|LOC129992847|LOC550113|LRRC66|MAPK10|MAPK10-AS1|MEPE|MIR1269A|MIR4449|MIR4450|MIR4451|MIR4452|MIR548AG1|MIR548AH|MIR5705|MIR575|MMRN1|MOB1B|MRPL1|MRPS18C|MTHFD2L|MUC7|NAA11|NAAA|NAP1L5|NKX6-1|NMU|NOA1|NPFFR2|NUDT9|NUP54|ODAM|ODAPH|OPRPN|PAICS|PAQR3|PARM1|PARM1-AS1|PCAT4|PDCL2|PDGFRA|PDHA2|PDLIM5|PF4|PF4V1|PIGY|PIGY-DT|PKD2|PLAC8|POLR2B|PPAT|PPBP|PPEF2|PPM1K|PPM1K-DT|PRDM8|PRDM8-AS1|PRKG2|PRKG2-AS1|PRR27|PTPN13|PYURF|RASGEF1B|RASL11B|RASSF6|RCHY1|REST|RUFY3|SCARB2|SCD5|SCFD2|SCFD2-AS1|SCPPPQ1|SDAD1|SDAD1-AS1|SEC31A|SEPTIN11|SEPTIN11-DT|SGCB|SHROOM3|SHROOM3-AS1|SLC10A6|SLC4A4|SMARCAD1|SMARCAD1-DT|SMR3A|SMR3B|SNCA|SNCA-AS1|SNORA26|SNORD143|SNORD144|SNORD161|SOWAHB|SPARCL1|SPATA18|SPINK2|SPMAP2L|SPP1|SRD5A3|SRD5A3-AS1|SRP72|STAP1|STATH|STBD1|STPG2|STPG2-AS1|SULT1B1|SULT1E1|TECRL|THAP6|THAP9|THAP9-AS1|TIGD2|TMEM150C|TMEM165|TMPRSS11A|TMPRSS11B|TMPRSS11D|TMPRSS11E|TMPRSS11F|UBA6|UBA6-DT|UGT2A1|UGT2A2|UGT2A3|UGT2B10|UGT2B11|UGT2B11-AS1|UGT2B15|UGT2B17|UGT2B28|UGT2B4|UGT2B7|UGT2B7-AS1|UMLILO|UNC5C|UNC5C-AS1|USO1|USP46|USP46-DT|UTP3|WDFY3|WDFY3-AS1|WDFY3-AS2|YTHDC1,,See cases,VCV000058029,4,52697788 - 98426769,4,51831622 - 97505618,58029,72624,,,copy number gain,,Pathogenic,"Aug 12, 2011","criteria provided, single submitter",,,,,,
GRCh38/hg38 4q13.2-22.3(chr4:68686088-95294456)x3,AMTN|BTC|CFAP299|CXCL3|CXCL3-AS1|FAM13A-AS1|GK2|HERC5|LINC00575|LOC101928893|LOC107988048|LOC111832670|LOC111832671|LOC112978669|LOC112997542|LOC112997543|LOC116158495|LOC116158496|LOC121053187|LOC121053188|LOC123477754|LOC123477762|LOC123477770|LOC123477771|LOC123477779|LOC123477780|LOC123477781|LOC126807071|LOC126807076|LOC126807077|LOC126807087|LOC126807096|LOC126807107|LOC126807108|LOC129389219|LOC129389220|LOC129389221|LOC129992659|LOC129992660|LOC129992661|LOC129992672|LOC129992673|LOC129992683|LOC129992684|LOC129992685|LOC129992692|LOC129992693|LOC129992707|LOC129992708|LOC129992718|LOC129992719|LOC129992728|LOC129992729|LOC129992739|LOC129992740|LOC129992750|LOC129992758|LOC129992759|LOC129992767|LOC129992768|LOC129992769|LOC129992763|LOC129992764|LOC129992765|LOC129992766|LOC129992770|LOC129992773|LOC129992771|LOC129992772|LOC129992774|LOC129992775|LOC129992741|LOC129992742|LOC129992743|LOC129992734|LOC129992735|LOC129992736|LOC129992737|LOC129992738|LOC129992746|LOC129992747|LOC129992744|LOC129992745|LOC129992748|LOC129992749|LOC129992751|LOC129992752|LOC129992753|LOC129992757|LOC129992754|LOC129992755|LOC129992756|LOC129992709|LOC129992710|LOC129992711|LOC129992704|LOC129992705|LOC129992706|LOC129992712|LOC129992713|LOC129992714|LOC129992715|LOC129992716|LOC129992717|LOC129992720|LOC129992721|LOC129992722|LOC129992723|LOC129992724|LOC129992725|LOC129992726|LOC129992727|LOC129992760|LOC129992761|LOC129992762|LOC129992674|LOC129992675|LOC129992676|LOC129992677|LOC129992678|LOC129992679|LOC129992680|LOC129992681|LOC129992682|LOC129992730|LOC129992731|LOC129992732|LOC129992686|LOC129992687|LOC129992688|LOC129992689|LOC129992690|LOC129992691|LOC129992733|LOC129992694|LOC129992695|LOC129992696|LOC126807109|LOC126807110|LOC126807111|LOC126807112|LOC126807113|LOC129389214|LOC129389215|LOC129389216|LOC129389217|LOC129389218|LOC129992701|LOC129992702|LOC129992703|LOC129389222|LOC129389223|LOC129389224|LOC129389225|LOC129992656|LOC129992657|LOC129992658|LOC129992697|LOC129992698|LOC129992699|LOC129992700|LOC129992662|LOC129992663|LOC129992664|LOC129992665|LOC129992666|LOC129992667|LOC126807079|LOC126807080|LOC126807081|LOC126807082|LOC126807083|LOC126807084|LOC126807085|LOC126807086|LOC126807088|LOC126807089|LOC126807090|LOC126807091|LOC126807092|LOC126807093|LOC126807094|LOC126807095|LOC129992668|LOC129992669|LOC126807097|LOC126807098|LOC126807099|LOC126807100|LOC126807101|LOC126807102|LOC126807103|LOC123477782|LOC123477783|LOC123477775|LOC123477776|LOC123477777|LOC123477778|LOC123477784|LOC123477785|LOC123477786|LOC123477787|LOC123477788|LOC123477789|LOC123477790|LOC126807070|LOC126807104|LOC126807105|LOC126807106|LOC126807072|LOC126807073|LOC126807074|LOC126807075|LOC123477755|LOC123477756|LOC123477757|LOC121725178|LOC123477758|LOC123477759|LOC123477760|LOC123477761|LOC129992670|LOC129992671|LOC123477763|LOC123477764|LOC123477766|LOC123477767|LOC123477768|LOC123477769|LOC123477765|LOC126807078|LOC112997544|LOC112997545|LOC112997546|LOC114803476|LOC114827842|LOC116158494|LOC112997547|LOC123477772|LOC116158497|LOC116158498|LOC116158499|LOC116158500|LOC116158501|LOC116158502|LOC116158503|LOC121053184|LOC121053185|LOC121053186|LOC123477773|LOC123477774|LOC121725172|LOC121725173|LINC00989|LINC01088|LINC02562|LINC01094|LINC02483|LINC02499|LINC02994|LNCPRESS2|LOC121725176|LOC121725177|LOC110120743|LOC110120752|LOC110121083|LOC110121104|LOC110283621|LOC110351180|LOC111365205|LOC111589210|LOC111591506|LOC111828520|LOC121725174|LOC121725175|LOC112978670|LOC112978671|LOC112997539|LOC112997540|LOC112997541|FDCSP|FGF5|FRAS1|G3BP2|GC|GPAT3|GPRIN3|GRID2|GRSF1|HELQ|HERC3|LOC112997534|LOC112997535|HERC5-AS1|HERC6|HNRNPD|HNRNPD-DT|CNOT6L|COPS4|CXCL10|CXCL11|CCDC158|CCNG2|CCSER1|CDKL2|CDS1|CXCL13|CXCL2|HTN1|CXCL5|CXCL6|CXCL8|CXCL9|DCK|EPGN|EREG|EREG-AS1|FAM13A|ABCG2|ALB|AMBN|LOC112997537|LOC112997538|ART3|ATOH1|BMP2K|BMP2K-DT|BMP3|BMPR1B|BMPR1B-DT|FAM47E|FAM47E-STBD1|C4orf36|CABS1|CCNG2-AS1|CCNI|ABRAXAS1|ADAMTS3|AFF1|AFF1-AS1|AFM|AFP|ANKRD17|ANKRD17-DT|ANTXR2|ANXA3|AREG|ARHGAP24|COQ2|COX18|CSN1S1|CSN2|CSN3|CXCL1|DMP1|DMP1-AS1|DSPP|ENAM|ENAM-AS1|ENOPH1|HNRNPDL|HPGDS|HPSE|HSD17B11|HSD17B13|HTN3|IBSP|INKILN|JCHAIN|KLHL8|LIN54|LOC129992776|LOC129992777|LOC129992778|LOC129992779|LOC129992780|LOC129992781|LOC129992782|LOC129992783|LOC129992784|LOC129992785|LOC129992786|LOC129992787|LOC129992788|LOC129992789|LOC129992790|LOC129992791|LOC129992792|LOC129992793|LOC129992794|LOC129992795|LOC129992796|LOC129992797|LOC129992798|LOC129992799|LOC129992800|LOC129992801|LOC129992802|LOC129992803|LOC129992804|LOC129992805|LOC129992806|LOC129992807|LOC129992808|LOC129992809|LOC129992810|LOC129992811|LOC129992812|LOC129992813|LOC129992814|LOC129992815|LOC129992816|LOC129992817|LOC129992818|LOC129992819|LOC129992820|LOC129992821|LOC129992822|LOC129992823|LOC129992824|LOC129992825|LOC129992826|LOC129992827|LOC129992828|LOC129992829|LOC129992830|LOC129992831|LOC129992832|LOC129992833|LOC129992834|LOC129992835|LOC129992836|LOC129992837|LOC129992838|LOC129992839|LOC129992840|LOC129992841|LOC129992842|LOC129992843|LOC129992844|LOC129992845|MAPK10|MAPK10-AS1|MEPE|MIR4450|MIR4451|MIR4452|MIR548AH|MIR5705|MIR575|MMRN1|MOB1B|MRPL1|MRPS18C|MTHFD2L|MUC7|NAA11|NAAA|NAP1L5|NKX6-1|NPFFR2|NUDT9|NUP54|ODAM|ODAPH|OPRPN|PAQR3|PARM1|PARM1-AS1|PCAT4|PDLIM5|PF4|PF4V1|PIGY|PIGY-DT|PKD2|PLAC8|PPBP|PPEF2|PPM1K|PPM1K-DT|PRDM8|PRDM8-AS1|PRKG2|PRKG2-AS1|PRR27|PTPN13|PYURF|RASGEF1B|RASSF6|RCHY1|RUFY3|SCARB2|SCD5|SCPPPQ1|SDAD1|SDAD1-AS1|SEC31A|SEPTIN11|SEPTIN11-DT|SHROOM3|SHROOM3-AS1|SLC10A6|SLC4A4|SMARCAD1|SMARCAD1-DT|SMR3A|SMR3B|SNCA|SNCA-AS1|SNORD143|SNORD144|SNORD161|SOWAHB|SPARCL1|SPP1|STATH|STBD1|SULT1B1|SULT1E1|THAP6|THAP9|THAP9-AS1|TIGD2|TMEM150C|UGT2A1|UGT2A2|UGT2A3|UGT2B10|UGT2B11|UGT2B11-AS1|UGT2B28|UGT2B4|UGT2B7|UGT2B7-AS1|UMLILO|UNC5C|USO1|UTP3|WDFY3|WDFY3-AS1|WDFY3-AS2,,See cases,VCV000155391,4,69551806 - 96215607,4,68686088 - 95294456,155391,165145,,,copy number gain,,Pathogenic,"Jun 11, 2013",no assertion criteria provided,,,,,,
GRCh38/hg38 4q21.21-23(chr4:79123548-99457773)x1,ABCG2|ABRAXAS1|ADH1A|ADH1B|ADH1C|ADH4|ADH5|ADH6|ADH7|AFF1|AFF1-AS1|ANTXR2|ARHGAP24|ATOH1|BMP3|BMPR1B|BMPR1B-DT|C4orf36|CCSER1|CDS1|CFAP299|COPS4|COQ2|DMP1|DMP1-AS1|DSPP|EIF4E|ENOPH1|FAM13A|FAM13A-AS1|FGF5|GK2|GPAT3|GPRIN3|GRID2|HELQ|HERC3|HERC5|HERC5-AS1|HERC6|HNRNPD|HNRNPD-DT|HNRNPDL|HPGDS|HPSE|HSD17B11|HSD17B13|IBSP|KLHL8|LIN54|LINC00575|LINC00989|LINC01088|LINC02267|LINC02994|LNCPRESS2|LOC100507053|LOC107988048|LOC110120743|LOC110120752|LOC110121083|LOC110121104|LOC110283621|LOC110351180|LOC111188164|LOC111216272|LOC111216273|LOC111216288|LOC111216289|LOC111216290|LOC111216291|LOC111216292|LOC111240471|LOC111365205|LOC112935970|LOC112997537|LOC112997538|LOC112997539|LOC112997540|LOC112997541|LOC112997542|LOC112997543|LOC112997544|LOC112997545|LOC112997546|LOC112997547|LOC116158501|LOC116158502|LOC116158503|LOC116158504|LOC116158505|LOC121053188|LOC121053189|LOC121725174|LOC121725175|LOC121725176|LOC121725177|LOC121725178|LOC121725179|LOC123477770|LOC123477771|LOC123477772|LOC123477773|LOC123477774|LOC123477775|LOC123477776|LOC123477777|LOC123477778|LOC123477779|LOC123477780|LOC123477781|LOC123477782|LOC123477783|LOC123477784|LOC123477785|LOC123477786|LOC123477787|LOC123477788|LOC123477789|LOC123477790|LOC123477791|LOC123477792|LOC126807092|LOC126807093|LOC126807094|LOC126807095|LOC126807096|LOC126807097|LOC126807098|LOC126807099|LOC126807100|LOC126807101|LOC126807102|LOC126807103|LOC126807104|LOC126807105|LOC126807106|LOC126807107|LOC126807108|LOC126807109|LOC126807110|LOC126807111|LOC126807112|LOC126807113|LOC126807114|LOC126807115|LOC126807116|LOC126807117|LOC126807118|LOC126807119|LOC126807120|LOC126807121|LOC126807122|LOC126807123|LOC129389220|LOC129389221|LOC129389222|LOC129389223|LOC129389224|LOC129389225|LOC129389226|LOC129389227|LOC129389228|LOC129389229|LOC129992737|LOC129992738|LOC129992739|LOC129992740|LOC129992741|LOC129992742|LOC129992743|LOC129992744|LOC129992745|LOC129992746|LOC129992747|LOC129992748|LOC129992749|LOC129992750|LOC129992751|LOC129992752|LOC129992753|LOC129992754|LOC129992755|LOC129992756|LOC129992757|LOC129992758|LOC129992759|LOC129992760|LOC129992761|LOC129992762|LOC129992763|LOC129992764|LOC129992765|LOC129992766|LOC129992767|LOC129992768|LOC129992769|LOC129992770|LOC129992771|LOC129992772|LOC129992773|LOC129992774|LOC129992775|LOC129992776|LOC129992777|LOC129992778|LOC129992779|LOC129992780|LOC129992781|LOC129992782|LOC129992783|LOC129992784|LOC129992785|LOC129992786|LOC129992787|LOC129992788|LOC129992789|LOC129992790|LOC129992791|LOC129992792|LOC129992793|LOC129992794|LOC129992795|LOC129992796|LOC129992797|LOC129992798|LOC129992799|LOC129992800|LOC129992801|LOC129992802|LOC129992803|LOC129992804|LOC129992805|LOC129992806|LOC129992807|LOC129992808|LOC129992809|LOC129992810|LOC129992811|LOC129992812|LOC129992813|LOC129992814|LOC129992815|LOC129992816|LOC129992817|LOC129992818|LOC129992819|LOC129992820|LOC129992821|LOC129992822|LOC129992823|LOC129992824|LOC129992825|LOC129992826|LOC129992827|LOC129992828|LOC129992829|LOC129992830|LOC129992831|LOC129992832|LOC129992833|LOC129992834|LOC129992835|LOC129992836|LOC129992837|LOC129992838|LOC129992839|LOC129992840|LOC129992841|LOC129992842|LOC129992843|LOC129992844|LOC129992845|LOC129992846|LOC129992847|LOC129992848|LOC129992849|LOC129992850|LOC129992851|LOC129992852|LOC129992853|LOC129992854|LOC129992855|LOC129992856|LOC129992857|MAPK10|MAPK10-AS1|MEPE|METAP1|MIR3684|MIR4451|MIR4452|MIR5705|MIR575|MMRN1|MRPS18C|NAA11|NAP1L5|NKX6-1|NUDT9|PCAT4|PDHA2|PDLIM5|PIGY|PIGY-DT|PKD2|PLAC8|PPM1K|PPM1K-DT|PRDM8|PRDM8-AS1|PRKG2|PRKG2-AS1|PTPN13|PYURF|RAP1GDS1|RASGEF1B|SCD5|SCPPPQ1|SEC31A|SLC10A6|SMARCAD1|SMARCAD1-DT|SNCA|SNCA-AS1|SNORD143|SNORD144|SPARCL1|SPP1|STPG2|STPG2-AS1|THAP9|THAP9-AS1|TIGD2|TMEM150C|TSPAN5|TSPAN5-DT|UNC5C|UNC5C-AS1|WDFY3|WDFY3-AS1|WDFY3-AS2,,Chromosome 4q21 deletion syndrome,VCV002579270,,,4,79123548 - 99457773,2579270,2744308,,,copy number loss,,Pathogenic,"Aug 24, 2023","criteria provided, single submitter",,,,,,
GRCh38/hg38 4q21.21-22.1(chr4:79575748-92412449)x1,ABCG2|ABRAXAS1|AFF1|AFF1-AS1|CFAP299|ANTXR2|ARHGAP24|BMP3|C4orf36|CCSER1|CDS1|COPS4|COQ2|DMP1|DMP1-AS1|DSPP|ENOPH1|FAM13A|FAM13A-AS1|FGF5|GPAT3|GPRIN3|GRID2|HELQ|HERC3|HERC5|HERC5-AS1|HERC6|HNRNPD|HNRNPD-DT|HNRNPDL|HPSE|HSD17B11|LINC02994|HSD17B13|IBSP|KLHL8|LIN54|LINC00575|LINC00989|LNCPRESS2|LOC107988048|LOC110120743|LOC110120752|LOC110121083|LOC110283621|LOC110351180|LOC111365205|LOC112997537|LOC112997538|LOC112997539|LOC112997540|LOC112997541|LOC112997542|LOC112997543|LOC112997544|LOC112997545|LOC112997546|LOC116158501|LOC116158502|LOC116158503|LOC121053188|LOC121725174|LOC121725175|LOC121725176|LOC121725177|LOC121725178|LOC123477770|LOC123477771|LOC123477772|LOC123477773|LOC123477774|LOC123477775|LOC123477776|LOC123477777|LOC123477778|LOC123477779|LOC123477780|LOC123477781|LOC123477782|LOC123477783|LOC123477784|LOC123477785|LOC123477786|LOC123477787|LOC126807092|LOC126807093|LOC126807094|LOC126807095|LOC126807096|LOC126807097|LOC126807098|LOC126807099|LOC126807100|LOC126807101|LOC126807102|LOC126807103|LOC126807104|LOC126807105|LOC126807106|LOC126807107|LOC126807108|LOC126807109|LOC126807110|LOC126807111|LOC129389221|LOC129389222|LOC129389223|LOC129389224|LOC129389225|LOC129992737|LOC129992738|LOC129992739|LOC129992740|LOC129992741|LOC129992742|LOC129992743|LOC129992744|LOC129992745|LOC129992746|LOC129992747|LOC129992748|LOC129992749|LOC129992750|LOC129992751|LOC129992752|LOC129992753|LOC129992754|LOC129992755|LOC129992756|LOC129992757|LOC129992758|LOC129992759|LOC129992760|LOC129992761|LOC129992762|LOC129992763|LOC129992764|LOC129992765|LOC129992766|LOC129992767|LOC129992768|LOC129992769|LOC129992770|LOC129992771|LOC129992772|LOC129992773|LOC129992774|LOC129992775|LOC129992776|LOC129992777|LOC129992778|LOC129992779|LOC129992780|LOC129992781|LOC129992782|LOC129992783|LOC129992784|LOC129992785|LOC129992786|LOC129992787|LOC129992788|LOC129992789|LOC129992790|LOC129992791|LOC129992792|LOC129992793|LOC129992794|LOC129992795|LOC129992796|LOC129992797|LOC129992798|LOC129992799|LOC129992800|LOC129992801|LOC129992802|LOC129992803|LOC129992804|LOC129992805|LOC129992806|LOC129992807|LOC129992808|LOC129992809|LOC129992810|LOC129992811|LOC129992812|LOC129992813|LOC129992814|LOC129992815|LOC129992816|LOC129992817|LOC129992818|LOC129992819|LOC129992820|LOC129992821|LOC129992822|LOC129992823|LOC129992824|LOC129992825|LOC129992826|LOC129992827|LOC129992828|LOC129992829|LOC129992830|LOC129992831|LOC129992832|LOC129992833|LOC129992834|LOC129992835|LOC129992836|LOC129992837|LOC129992838|MAPK10|MAPK10-AS1|MEPE|MIR4451|MIR4452|MIR5705|MIR575|MMRN1|MRPS18C|NAP1L5|NKX6-1|NUDT9|PCAT4|PIGY|PIGY-DT|PKD2|PLAC8|PPM1K|PPM1K-DT|PRDM8|PRDM8-AS1|PRKG2|PRKG2-AS1|PTPN13|PYURF|RASGEF1B|SCD5|SCPPPQ1|SEC31A|SLC10A6|SNCA|SNCA-AS1|SNORD143|SNORD144|SPARCL1|SPP1|THAP9|THAP9-AS1|TIGD2|TMEM150C|WDFY3|WDFY3-AS1|WDFY3-AS2,,See cases,VCV000059455,4,80496902 - 93333600,4,79575748 - 92412449,59455,74050,,,copy number loss,,Pathogenic,"Aug 12, 2011","criteria provided, single submitter",,,,,,
GRCh38/hg38 4q21.21-24(chr4:80427023-100855441)x1,ABCG2|ABRAXAS1|ADH1A|ADH1B|ADH1C|ADH4|ADH5|ADH6|ADH7|AFF1|AFF1-AS1|ARHGAP24|ATOH1|BMP3|BMPR1B|BMPR1B-DT|C4orf17|C4orf36|C4orf54|CCSER1|CDS1|CFAP299|COPS4|COQ2|DAPP1|DDIT4L|DDIT4L-AS1|EMCN|DMP1|DMP1-AS1|DNAJB14|DSPP|EIF4E|ENOPH1|FAM13A|FAM13A-AS1|GPAT3|GPRIN3|GRID2|H2AZ1|H2AZ1-DT|HELQ|HERC3|HERC5|HERC5-AS1|HERC6|HNRNPD|HNRNPD-DT|HNRNPDL|HPGDS|HPSE|HSD17B11|HSD17B13|IBSP|KLHL8|LAMTOR3|LIN54|LINC00575|LINC01216|LINC01217|LINC01218|LINC02267|LINC02994|LNCPRESS2|LOC100507053|LOC107988048|LOC110120743|LOC110120752|LOC110121083|LOC110121104|LOC110283621|LOC110351180|LOC111188164|LOC111216272|LOC111216273|LOC111216288|LOC111216289|LOC111216290|LOC111216291|LOC111216292|LOC111240471|LOC111365205|LOC112935970|LOC112997537|LOC112997538|LOC112997539|LOC112997540|LOC112997541|LOC112997542|LOC112997543|LOC112997544|LOC112997545|LOC112997546|LOC112997547|LOC116158504|LOC116158505|LOC121053188|LOC121053189|LOC121725174|LOC121725175|LOC121725176|LOC121725177|LOC121725178|LOC121725179|LOC123477772|LOC123477773|LOC123477774|LOC123477775|LOC123477776|LOC123477777|LOC123477778|LOC123477779|LOC123477780|LOC123477781|LOC123477782|LOC123477783|LOC123477784|LOC123477785|LOC123477786|LOC123477787|LOC123477788|LOC123477789|LOC123477790|LOC123477791|LOC123477792|LOC126807095|LOC126807096|LOC126807097|LOC126807098|LOC126807099|LOC126807100|LOC126807101|LOC126807102|LOC126807103|LOC126807104|LOC126807105|LOC126807106|LOC126807107|LOC126807108|LOC126807109|LOC126807110|LOC126807111|LOC126807112|LOC126807113|LOC126807114|LOC126807115|LOC126807116|LOC126807117|LOC126807118|LOC126807119|LOC126807120|LOC126807121|LOC126807122|LOC126807123|LOC126807124|LOC129389223|LOC129389224|LOC129389225|LOC129389226|LOC129389227|LOC129389228|LOC129389229|LOC129992747|LOC129992748|LOC129992749|LOC129992750|LOC129992751|LOC129992752|LOC129992753|LOC129992754|LOC129992755|LOC129992756|LOC129992757|LOC129992758|LOC129992759|LOC129992760|LOC129992761|LOC129992762|LOC129992763|LOC129992764|LOC129992765|LOC129992766|LOC129992767|LOC129992768|LOC129992769|LOC129992770|LOC129992771|LOC129992772|LOC129992773|LOC129992774|LOC129992775|LOC129992776|LOC129992777|LOC129992778|LOC129992779|LOC129992780|LOC129992781|LOC129992782|LOC129992783|LOC129992784|LOC129992785|LOC129992786|LOC129992787|LOC129992788|LOC129992789|LOC129992790|LOC129992791|LOC129992792|LOC129992793|LOC129992794|LOC129992795|LOC129992796|LOC129992797|LOC129992798|LOC129992799|LOC129992800|LOC129992801|LOC129992802|LOC129992803|LOC129992804|LOC129992805|LOC129992806|LOC129992807|LOC129992808|LOC129992809|LOC129992810|LOC129992811|LOC129992812|LOC129992813|LOC129992814|LOC129992815|LOC129992816|LOC129992817|LOC129992818|LOC129992819|LOC129992820|LOC129992821|LOC129992822|LOC129992823|LOC129992824|LOC129992825|LOC129992826|LOC129992827|LOC129992828|LOC129992829|LOC129992830|LOC129992831|LOC129992832|LOC129992833|LOC129992834|LOC129992835|LOC129992836|LOC129992837|LOC129992838|LOC129992839|LOC129992840|LOC129992841|LOC129992842|LOC129992843|LOC129992844|LOC129992845|LOC129992846|LOC129992847|LOC129992848|LOC129992849|LOC129992850|LOC129992851|LOC129992852|LOC129992853|LOC129992854|LOC129992855|LOC129992856|LOC129992857|LOC129992858|LOC129992859|LOC129992860|LOC129992861|LOC129992862|LOC129992863|LOC129992864|LOC129992865|LOC132088988|LOC132090708|MAPK10|MAPK10-AS1|MEPE|METAP1|MIR3684|MIR4451|MIR4452|MIR5705|MIR575|MMRN1|MRPS18C|MTTP|NAP1L5|NKX6-1|NUDT9|PDHA2|PDLIM5|PIGY|PIGY-DT|PKD2|PLAC8|PPM1K|PPM1K-DT|PRKG2|PRKG2-AS1|PTPN13|PYURF|RAP1GDS1|RASGEF1B|SCD5|SCPPPQ1|SEC31A|SLC10A6|SMARCAD1|SMARCAD1-DT|SNCA|SNCA-AS1|SNORA101A|SNORD143|SNORD144|SPARCL1|SPP1|STPG2|STPG2-AS1|THAP9|THAP9-AS1|TIGD2|TMEM150C|TRMT10A|TSPAN5|TSPAN5-DT|UNC5C|UNC5C-AS1|WDFY3|WDFY3-AS1|WDFY3-AS2,,See cases,VCV000148194,4,81348177 - 101776598,4,80427023 - 100855441,148194,157945,,,copy number loss,,Pathogenic,"Mar 21, 2011",no assertion criteria provided,,,,,,
GRCh38/hg38 4q21.21-22.3(chr4:80879777-94809447)x1,ABCG2|ABRAXAS1|AFF1|AFF1-AS1|ARHGAP24|ATOH1|BMP3|BMPR1B|BMPR1B-DT|C4orf36|CCSER1|CDS1|CFAP299|COPS4|COQ2|DMP1|DMP1-AS1|DSPP|ENOPH1|FAM13A|FAM13A-AS1|GPAT3|GPRIN3|GRID2|HELQ|HERC3|HERC5|HERC5-AS1|HERC6|HNRNPD|HNRNPD-DT|HNRNPDL|HPGDS|HPSE|HSD17B11|HSD17B13|IBSP|KLHL8|LIN54|LINC00575|LINC02994|LNCPRESS2|LOC107988048|LOC110120743|LOC110120752|LOC110121083|LOC110121104|LOC110283621|LOC110351180|LOC111365205|LOC112997537|LOC112997538|LOC112997539|LOC112997540|LOC112997541|LOC112997542|LOC112997543|LOC112997544|LOC112997545|LOC112997546|LOC112997547|LOC121053188|LOC121725174|LOC121725175|LOC121725176|LOC121725177|LOC121725178|LOC123477772|LOC123477773|LOC123477774|LOC123477775|LOC123477776|LOC123477777|LOC123477778|LOC123477779|LOC123477780|LOC123477781|LOC123477782|LOC123477783|LOC123477784|LOC123477785|LOC123477786|LOC123477787|LOC123477788|LOC123477789|LOC126807095|LOC126807096|LOC126807097|LOC126807098|LOC126807099|LOC126807100|LOC126807101|LOC126807102|LOC126807103|LOC126807104|LOC126807105|LOC126807106|LOC126807107|LOC126807108|LOC126807109|LOC126807110|LOC126807111|LOC126807112|LOC129389223|LOC129389224|LOC129389225|LOC129992747|LOC129992748|LOC129992749|LOC129992750|LOC129992751|LOC129992752|LOC129992753|LOC129992754|LOC129992755|LOC129992756|LOC129992757|LOC129992758|LOC129992759|LOC129992760|LOC129992761|LOC129992762|LOC129992763|LOC129992764|LOC129992765|LOC129992766|LOC129992767|LOC129992768|LOC129992769|LOC129992770|LOC129992771|LOC129992772|LOC129992773|LOC129992774|LOC129992775|LOC129992776|LOC129992777|LOC129992778|LOC129992779|LOC129992780|LOC129992781|LOC129992782|LOC129992783|LOC129992784|LOC129992785|LOC129992786|LOC129992787|LOC129992788|LOC129992789|LOC129992790|LOC129992791|LOC129992792|LOC129992793|LOC129992794|LOC129992795|LOC129992796|LOC129992797|LOC129992798|LOC129992799|LOC129992800|LOC129992801|LOC129992802|LOC129992803|LOC129992804|LOC129992805|LOC129992806|LOC129992807|LOC129992808|LOC129992809|LOC129992810|LOC129992811|LOC129992812|LOC129992813|LOC129992814|LOC129992815|LOC129992816|LOC129992817|LOC129992818|LOC129992819|LOC129992820|LOC129992821|LOC129992822|LOC129992823|LOC129992824|LOC129992825|LOC129992826|LOC129992827|LOC129992828|LOC129992829|LOC129992830|LOC129992831|LOC129992832|LOC129992833|LOC129992834|LOC129992835|LOC129992836|LOC129992837|LOC129992838|LOC129992839|LOC129992840|LOC129992841|LOC129992842|LOC129992843|LOC129992844|LOC129992845|MAPK10|MAPK10-AS1|MEPE|MIR4451|MIR4452|MIR5705|MIR575|MMRN1|MRPS18C|NAP1L5|NKX6-1|NUDT9|PDLIM5|PIGY|PIGY-DT|PKD2|PLAC8|PPM1K|PPM1K-DT|PRKG2|PRKG2-AS1|PTPN13|PYURF|RASGEF1B|SCD5|SCPPPQ1|SEC31A|SLC10A6|SMARCAD1|SMARCAD1-DT|SNCA|SNCA-AS1|SNORD143|SNORD144|SPARCL1|SPP1|THAP9|THAP9-AS1|TIGD2|TMEM150C|WDFY3|WDFY3-AS1|WDFY3-AS2,,See cases,VCV000145649,4,81800931 - 95730598,4,80879777 - 94809447,145649,155400,,,copy number loss,,Pathogenic,"Jan 5, 2011",no assertion criteria provided,,,,,,
GRCh38/hg38 4q21.23-22.2(chr4:85449365-93973194)x1,ABCG2|AFF1|AFF1-AS1|ARHGAP24|ATOH1|C4orf36|CCSER1|DMP1|DMP1-AS1|DSPP|FAM13A|FAM13A-AS1|GPRIN3|GRID2|HERC3|HERC5|HERC5-AS1|HERC6|HSD17B11|HSD17B13|IBSP|KLHL8|LNCPRESS2|LOC110121083|LOC110283621|LOC110351180|LOC111365205|LOC112997546|LOC121053188|LOC121725176|LOC121725177|LOC121725178|LOC123477777|LOC123477778|LOC123477779|LOC123477780|LOC123477781|LOC123477782|LOC123477783|LOC123477784|LOC123477785|LOC123477786|LOC123477787|LOC123477788|LOC126807104|LOC126807105|LOC126807106|LOC126807107|LOC126807108|LOC126807109|LOC126807110|LOC126807111|LOC126807112|LOC129389225|LOC129992790|LOC129992791|LOC129992792|LOC129992793|LOC129992794|LOC129992795|LOC129992796|LOC129992797|LOC129992798|LOC129992799|LOC129992800|LOC129992801|LOC129992802|LOC129992803|LOC129992804|LOC129992805|LOC129992806|LOC129992807|LOC129992808|LOC129992809|LOC129992810|LOC129992811|LOC129992812|LOC129992813|LOC129992814|LOC129992815|LOC129992816|LOC129992817|LOC129992818|LOC129992819|LOC129992820|LOC129992821|LOC129992822|LOC129992823|LOC129992824|LOC129992825|LOC129992826|LOC129992827|LOC129992828|LOC129992829|LOC129992830|LOC129992831|LOC129992832|LOC129992833|LOC129992834|LOC129992835|LOC129992836|LOC129992837|LOC129992838|LOC129992839|LOC129992840|LOC129992841|LOC129992842|MAPK10|MAPK10-AS1|MEPE|MIR4451|MIR4452|MIR5705|MMRN1|NAP1L5|NUDT9|PIGY|PIGY-DT|PKD2|PPM1K|PPM1K-DT|PTPN13|PYURF|SCPPPQ1|SLC10A6|SNCA|SNCA-AS1|SPARCL1|SPP1|TIGD2,,See cases,VCV000152923,4,86370518 - 94894345,4,85449365 - 93973194,152923,162674,,,copy number loss,,Pathogenic,"Apr 30, 2011",no assertion criteria provided,,,,,,
GRCh38/hg38 4q21.3-22.1(chr4:87067415-88158276)x3,ABCG2|AFF1|DMP1|DMP1-AS1|DSPP|HSD17B11|HSD17B13|IBSP|KLHL8|LOC110283621|LOC110351180|LOC112997546|LOC121725176|LOC121725177|LOC123477782|LOC123477783|LOC123477784|LOC126807105|LOC126807106|LOC129992806|LOC129992807|LOC129992808|LOC129992809|LOC129992810|LOC129992811|LOC129992812|LOC129992813|LOC129992814|MEPE|MIR5705|NUDT9|PKD2|SCPPPQ1|SPARCL1|SPP1,,See cases,VCV000144779,4,87988567 - 89079428,4,87067415 - 88158276,144779,154530,,,copy number gain,,Uncertain significance,"Aug 5, 2011",no assertion criteria provided,,,,,,
GRCh38/hg38 4q22.1(chr4:87353588-91785400)x1,ABCG2|CCSER1|DMP1|DMP1-AS1|DSPP|FAM13A|FAM13A-AS1|GPRIN3|HERC3|HERC5|HERC5-AS1|HERC6|HSD17B11|IBSP|LOC110121083|LOC110283621|LOC110351180|LOC111365205|LOC121725177|LOC121725178|LOC123477782|LOC123477783|LOC123477784|LOC123477785|LOC123477786|LOC126807105|LOC126807106|LOC126807107|LOC126807108|LOC126807109|LOC126807110|LOC129389225|LOC129992811|LOC129992812|LOC129992813|LOC129992814|LOC129992815|LOC129992816|LOC129992817|LOC129992818|LOC129992819|LOC129992820|LOC129992821|LOC129992822|LOC129992823|LOC129992824|LOC129992825|LOC129992826|LOC129992827|LOC129992828|LOC129992829|LOC129992830|LOC129992831|LOC129992832|LOC129992833|LOC129992834|LOC129992835|LOC129992836|LOC129992837|LOC129992838|MEPE|MMRN1|NAP1L5|NUDT9|PIGY|PIGY-DT|PKD2|PPM1K|PPM1K-DT|PYURF|SCPPPQ1|SNCA|SNCA-AS1|SPARCL1|SPP1|TIGD2,,See cases,VCV004974698,,,4,87353588 - 91785400,4974698,5085098,,,copy number loss,,Pathogenic,"Aug 7, 2024","criteria provided, single submitter",,,,,,
NC_000004.12:g.88089831A>G,ABCG2,,not provided,VCV001251382,4,89010983,4,88089831,1251382,1241728,rs2725268,NC_000004.12:88089830:A:G,single nucleotide variant,,Benign,"Jan 9, 2019","criteria provided, single submitter",,,,,,
NM_004827.3(ABCG2):c.*1171G>T,ABCG2,,,VCV004308948,4,89012215,4,88091063,4308948,4430968,,NC_000004.12:88091062:C:A,single nucleotide variant,3 prime UTR variant,,,,,,,,,
NM_004827.3(ABCG2):c.1961A>G (p.Tyr654Cys),ABCG2,"Y654C, Y652C",not specified,VCV003129639,4,89013393,4,88092241,3129639,3290211,rs1232606613,NC_000004.12:88092240:T:C,single nucleotide variant,3 prime UTR variant|missense variant,Uncertain significance,"Jan 16, 2024","criteria provided, single submitter",,,,,,
NM_004827.3(ABCG2):c.1948T>C (p.Phe650Leu),ABCG2,"F648L, F650L",not specified,VCV003129633,4,89013406,4,88092254,3129633,3290205,rs2476045585,NC_000004.12:88092253:A:G,single nucleotide variant,3 prime UTR variant|missense variant,Uncertain significance,"Mar 12, 2024","criteria provided, single submitter",,,,,,
NM_004827.3(ABCG2):c.1934A>G (p.Tyr645Cys),ABCG2,"Y611C, Y643C, Y645C, Y573C, Y575C, Y594C, Y634C",not specified,VCV004636266,4,89013420,4,88092268,4636266,4749552,,NC_000004.12:88092267:T:C,single nucleotide variant,3 prime UTR variant|missense variant,Uncertain significance,"Nov 20, 2025","criteria provided, single submitter",,,,,,
NM_004827.3(ABCG2):c.1891G>A (p.Val631Met),ABCG2,"V629M, V631M",not specified,VCV002224669,4,89013463,4,88092311,2224669,2208089,rs780612821,NC_000004.12:88092310:C:T,single nucleotide variant,3 prime UTR variant|missense variant,Uncertain significance,"Oct 3, 2022","criteria provided, single submitter",,,,,,
NM_004827.3(ABCG2):c.1777C>T (p.Pro593Ser),ABCG2,"P591S, P593S",not specified,VCV002310874,4,89015772,4,88094620,2310874,2295044,rs2476056506,NC_000004.12:88094619:G:A,single nucleotide variant,missense variant|synonymous variant,Uncertain significance,"Sep 6, 2022","criteria provided, single submitter",,,,,,
NM_004827.3(ABCG2):c.1768A>T (p.Asn590Tyr),ABCG2,"N579Y, N588Y, K586N, N520Y, N539Y, N556Y, N590Y, N518Y",,VCV004308949,4,89015781,4,88094629,4308949,4430969,,NC_000004.12:88094628:T:A,single nucleotide variant,missense variant,,,,,,,,,
NM_004827.3(ABCG2):c.1738-1G>A,ABCG2,,,VCV004308950,4,89015812,4,88094660,4308950,4430970,,NC_000004.12:88094659:C:T,single nucleotide variant,splice acceptor variant,,,,,,,,,
NM_004827.3(ABCG2):c.1736C>T (p.Thr579Met),ABCG2,"T528M, T568M, T507M, T545M, T577M, T509M, T579M, R576W",not specified,VCV004144633,4,89016673,4,88095521,4144633,4262826,,NC_000004.12:88095520:G:A,single nucleotide variant,missense variant,Uncertain significance,"Jun 18, 2025","criteria provided, single submitter",,,,,,
NM_004827.3(ABCG2):c.1724G>A (p.Arg575Gln),ABCG2,"R505Q, R564Q, D572N, R524Q, R503Q, R541Q, R573Q, R575Q",not specified,VCV004144541,4,89016685,4,88095533,4144541,4266628,,NC_000004.12:88095532:C:T,single nucleotide variant,missense variant,Uncertain significance,"Aug 9, 2025","criteria provided, single submitter",,,,,,
NM_004827.3(ABCG2):c.1645A>T (p.Met549Leu),ABCG2,"M547L, M549L",not specified,VCV003412804,4,89018607,4,88097455,3412804,3567974,,NC_000004.12:88097454:T:A,single nucleotide variant,missense variant,Uncertain significance,"Aug 20, 2024","criteria provided, single submitter",,,,,,
NM_004827.3(ABCG2):c.1627A>G (p.Ile543Val),ABCG2,"I509V, I532V, I543V, I471V, I473V, I492V, I541V",not specified,VCV004636267,4,89018625,4,88097473,4636267,4749553,,NC_000004.12:88097472:T:C,single nucleotide variant,missense variant,Uncertain significance,"Nov 19, 2025","criteria provided, single submitter",,,,,,
NM_004827.3(ABCG2):c.1582G>A (p.Ala528Thr),ABCG2,"A526T, A528T",ABCG2-related disorder,VCV003041649,4,89018670,4,88097518,3041649,3214310,rs45605536,NC_000004.12:88097517:C:T,single nucleotide variant,missense variant,Likely benign,"Jul 12, 2022",no assertion criteria provided,,,,,,
NM_004827.3(ABCG2):c.1567A>T (p.Met523Leu),ABCG2,"M521L, M523L",not specified,VCV003129624,4,89018685,4,88097533,3129624,3290196,rs745473062,NC_000004.12:88097532:T:A,single nucleotide variant,missense variant,Uncertain significance,"Dec 20, 2023","criteria provided, single submitter",,,,,,
NM_004827.3(ABCG2):c.1541T>C (p.Met514Thr),ABCG2,"M514T, M512T",not specified,VCV002337768,4,89018711,4,88097559,2337768,2319307,rs2476073659,NC_000004.12:88097558:A:G,single nucleotide variant,missense variant,Uncertain significance,"Dec 20, 2022","criteria provided, single submitter",,,,,,
NM_004827.3(ABCG2):c.1537C>G (p.Leu513Val),ABCG2,"L513V, L511V",not specified,VCV003412715,4,89018715,4,88097563,3412715,3567885,,NC_000004.12:88097562:G:C,single nucleotide variant,missense variant,Uncertain significance,"Jul 15, 2024","criteria provided, single submitter",,,,,,
NM_004827.3(ABCG2):c.1535C>G (p.Thr512Ser),ABCG2,"T512S, T510S",not specified,VCV003129615,4,89018717,4,88097565,3129615,3290187,rs1002012563,NC_000004.12:88097564:G:C,single nucleotide variant,missense variant,Uncertain significance,"Dec 4, 2025","criteria provided, single submitter",,,,,,
NM_004827.3(ABCG2):c.1519T>G (p.Phe507Val),ABCG2,"F507V, F505V",not specified,VCV003992260,4,89018733,4,88097581,3992260,4107550,,NC_000004.12:88097580:A:C,single nucleotide variant,missense variant,Uncertain significance,"Apr 3, 2025","criteria provided, single submitter",,,,,,
NM_004827.3(ABCG2):c.1514C>G (p.Ala505Gly),ABCG2,"A505G, A503G",not specified,VCV003992281,4,89018738,4,88097586,3992281,4107571,,NC_000004.12:88097585:G:C,single nucleotide variant,missense variant,Uncertain significance,"Mar 27, 2025","criteria provided, single submitter",,,,,,
NM_004827.3(ABCG2):c.1493-7_1493-4del,ABCG2,,not specified,VCV004967824,4,89018763 - 89018766,4,88097611 - 88097614,4967824,5082108,,NC_000004.12:88097610:AGTCAG:AG,Deletion,intron variant,Likely benign,"Aug 29, 2024","criteria provided, single submitter",,,,,,
NM_004827.3(ABCG2):c.1453C>A (p.Pro485Thr),ABCG2,"P483T, P485T",not specified,VCV003129609,4,89020515,4,88099363,3129609,3290181,rs2476083503,NC_000004.12:88099362:G:T,single nucleotide variant,missense variant,Uncertain significance,"Dec 26, 2023","criteria provided, single submitter",,,,,,
NM_004827.3(ABCG2):c.1442T>A (p.Met481Lys),ABCG2,"M479K, M481K",not specified,VCV003412894,4,89020526,4,88099374,3412894,3568064,,NC_000004.12:88099373:A:T,single nucleotide variant,missense variant,Uncertain significance,"Sep 4, 2024","criteria provided, single submitter",,,,,,
NM_004827.3(ABCG2):c.1368-1G>T,ABCG2,,,VCV004308951,4,89020601,4,88099449,4308951,4430971,,NC_000004.12:88099448:C:A,single nucleotide variant,splice acceptor variant,,,,,,,,,
NM_004827.3(ABCG2):c.1368-17G>A,ABCG2,,not specified,VCV004967825,4,89020617,4,88099465,4967825,5082109,,NC_000004.12:88099464:C:T,single nucleotide variant,intron variant,Likely benign,"Mar 19, 2024","criteria provided, single submitter",,,,,,
NM_004827.3(ABCG2):c.1368-19dup,ABCG2,,not specified,VCV004967827,4,89020618 - 89020619,4,88099466 - 88099467,4967827,5082111,,NC_000004.12:88099466:T:TT,Duplication,intron variant,Likely benign,"Nov 25, 2024","criteria provided, single submitter",,,,,,
NM_004827.3(ABCG2):c.1368-18C>T,ABCG2,,not specified,VCV004967826,4,89020618,4,88099466,4967826,5082110,,NC_000004.12:88099465:G:A,single nucleotide variant,intron variant,Likely benign,"Nov 20, 2024","criteria provided, single submitter",,,,,,
NM_004827.3(ABCG2):c.1367+20G>A,ABCG2,,not specified,VCV004967828,4,89022362,4,88101210,4967828,5082112,,NC_000004.12:88101209:C:T,single nucleotide variant,intron variant,Benign,"Nov 26, 2024","criteria provided, single submitter",,,,,,
NM_004827.3(ABCG2):c.1346T>C (p.Val449Ala),ABCG2,"V447A, V449A",not specified,VCV003308591,4,89022403,4,88101251,3308591,3460770,,NC_000004.12:88101250:A:G,single nucleotide variant,missense variant,Uncertain significance,"Mar 15, 2024","criteria provided, single submitter",,,,,,
NM_004827.3(ABCG2):c.1333G>T (p.Val445Leu),ABCG2,"V443L, V434L, V373L, V411L, V375L, V394L, V445L",not specified,VCV004144806,4,89022416,4,88101264,4144806,4262999,,NC_000004.12:88101263:C:A,single nucleotide variant,missense variant,Uncertain significance,"Aug 13, 2025","criteria provided, single submitter",,,,,,
NM_004827.3(ABCG2):c.1310A>G (p.Gln437Arg),ABCG2,"Q437R, Q435R",not specified,VCV002531314,4,89022439,4,88101287,2531314,2691944,rs747309767,NC_000004.12:88101286:T:C,single nucleotide variant,missense variant,Uncertain significance,"May 17, 2023","criteria provided, single submitter",,,,,,
NM_004827.3(ABCG2):c.1277+2227G>A,ABCG2,,not provided,VCV001239257,4,89026109,4,88104957,1239257,1229587,rs2725264,NC_000004.12:88104956:C:T,single nucleotide variant,intron variant,Benign,"Jan 9, 2019","criteria provided, single submitter",,,,,,
NM_004827.3(ABCG2):c.1277+1908T>G,ABCG2,,not provided,VCV001267736,4,89026428,4,88105276,1267736,1258072,rs2725263,NC_000004.12:88105275:A:C,single nucleotide variant,intron variant,Benign,"Jan 9, 2019","criteria provided, single submitter",,,,,,
NM_004827.3(ABCG2):c.1255G>T (p.Asp419Tyr),ABCG2,"D417Y, D419Y",not specified,VCV002319477,4,89028358,4,88107206,2319477,2304060,rs1195738208,NC_000004.12:88107205:C:A,single nucleotide variant,missense variant,Uncertain significance,"Oct 25, 2022","criteria provided, single submitter",,,,,,
NM_004827.3(ABCG2):c.1244G>A (p.Gly415Glu),ABCG2,"G413E, G415E, G343E, G381E, G345E, G364E, G404E",not specified,VCV004144727,4,89028369,4,88107217,4144727,4262920,,NC_000004.12:88107216:C:T,single nucleotide variant,missense variant,Uncertain significance,"Aug 25, 2025","criteria provided, single submitter",,,,,,
NM_004827.3(ABCG2):c.1222G>C (p.Val408Leu),ABCG2,"V338L, V374L, V397L, V336L, V406L, V408L, V357L",not specified,VCV004636269,4,89028391,4,88107239,4636269,4749555,,NC_000004.12:88107238:C:G,single nucleotide variant,missense variant,Uncertain significance,"Nov 13, 2025","criteria provided, single submitter",,,,,,
NM_004827.3(ABCG2):c.1195A>T (p.Ile399Phe),ABCG2,"I397F, I399F",not specified,VCV003129600,4,89028418,4,88107266,3129600,3290172,rs2476121146,NC_000004.12:88107265:T:A,single nucleotide variant,missense variant,Uncertain significance,"Dec 7, 2023","criteria provided, single submitter",,,,,,
NM_004827.3(ABCG2):c.1195-2A>G,ABCG2,,,VCV004308954,4,89028420,4,88107268,4308954,4430974,,NC_000004.12:88107267:T:C,single nucleotide variant,splice acceptor variant,,,,,,,,,
NM_004827.3(ABCG2):c.1195-834T>G,ABCG2,,not provided,VCV001265403,4,89029252,4,88108100,1265403,1254870,rs2622628,NC_000004.12:88108099:A:C,single nucleotide variant,intron variant,Benign,"Jan 9, 2019","criteria provided, single submitter",,,,,,
NM_004827.3(ABCG2):c.1178A>G (p.Gln393Arg),ABCG2,"Q391R, Q393R",not specified,VCV002467211,4,89034471,4,88113319,2467211,2440548,rs763296846,NC_000004.12:88113318:T:C,single nucleotide variant,missense variant,Uncertain significance,"Feb 14, 2023","criteria provided, single submitter",,,,,,
NM_004827.3(ABCG2):c.1135T>C (p.Trp379Arg),ABCG2,"W377R, W379R",not specified,VCV002267114,4,89034514,4,88113362,2267114,2250038,rs2476151457,NC_000004.12:88113361:A:G,single nucleotide variant,missense variant,Uncertain significance,"Dec 14, 2021","criteria provided, single submitter",,,,,,
NM_004827.3(ABCG2):c.1115C>A (p.Ser372Tyr),ABCG2,"S370Y, S372Y",not specified,VCV003308701,4,89034534,4,88113382,3308701,3460880,,NC_000004.12:88113381:G:T,single nucleotide variant,missense variant,Uncertain significance,"May 24, 2024","criteria provided, single submitter",,,,,,
NM_004827.3(ABCG2):c.1111_1112del (p.Thr371fs),ABCG2,"T369fs, T371fs","BLOOD GROUP, JUNIOR SYSTEM",VCV000030384,4,89034537 - 89034538,4,88113385 - 88113386,30384,39341,rs387906869,NC_000004.12:88113384:GTG:G,Deletion,frameshift variant,Affects,"Jan 15, 2012",no assertion criteria provided,,,,,,
NM_004827.3(ABCG2):c.1060G>A (p.Gly354Arg),ABCG2,"G352R, G354R",ABCG2-related disorder,VCV003044880,4,89034589,4,88113437,3044880,3203859,rs138606116,NC_000004.12:88113436:C:T,single nucleotide variant,missense variant,Likely benign,"Feb 23, 2021",no assertion criteria provided,,,,,,
NM_004827.3(ABCG2):c.972G>T (p.Gln324His),ABCG2,"Q324H, Q322H",not specified,VCV003129659,4,89034677,4,88113525,3129659,3290231,rs1325014091,NC_000004.12:88113524:C:A,single nucleotide variant,missense variant,Uncertain significance,"Nov 17, 2023","criteria provided, single submitter",,,,,,
NM_004827.3(ABCG2):c.935A>G (p.Asp312Gly),ABCG2,D312G,not specified,VCV003992271,4,89036117,4,88114965,3992271,4107561,,NC_000004.12:88114964:T:C,single nucleotide variant,missense variant,Uncertain significance,"Jun 4, 2025","criteria provided, single submitter",,,,,,
NM_004827.3(ABCG2):c.904T>C (p.Ser302Pro),ABCG2,S302P,not specified,VCV002475371,4,89036148,4,88114996,2475371,2457153,rs1332477328,NC_000004.12:88114995:A:G,single nucleotide variant,missense variant,Uncertain significance,"Jan 10, 2023","criteria provided, single submitter",,,,,,
NM_004827.3(ABCG2):c.869C>G (p.Pro290Arg),ABCG2,P290R,not specified,VCV002316403,4,89036183,4,88115031,2316403,2313088,rs763107505,NC_000004.12:88115030:G:C,single nucleotide variant,missense variant,Uncertain significance,"Oct 4, 2022","criteria provided, single submitter",,,,,,
NM_004827.3(ABCG2):c.867C>A (p.Asn289Lys),ABCG2,N289K,not specified,VCV003129652,4,89036185,4,88115033,3129652,3290224,rs774397302,NC_000004.12:88115032:G:T,single nucleotide variant,missense variant,Uncertain significance,"Jan 30, 2024","criteria provided, single submitter",,,,,,
NM_004827.3(ABCG2):c.842-20del,ABCG2,,,VCV004288810,4,89036230,4,88115078,4288810,4396856,,NC_000004.12:88115077:AAAAA:AAAA,Deletion,intron variant,,,,,,,,,
NM_004827.3(ABCG2):c.841+5G>A,ABCG2,,,VCV004308955,4,89039256,4,88118104,4308955,4430975,,NC_000004.12:88118103:C:T,single nucleotide variant,intron variant,,,,,,,,,
NM_004827.3(ABCG2):c.841+3A>G,ABCG2,,ABCG2-related disorder,VCV003057392,4,89039258,4,88118106,3057392,3196421,rs771907414,NC_000004.12:88118105:T:C,single nucleotide variant,intron variant,Likely benign,"Sep 12, 2022",no assertion criteria provided,,,,,,
NM_004827.3(ABCG2):c.802G>A (p.Gly268Arg),ABCG2,G268R,Hereditary breast ovarian cancer syndrome,VCV000981814,4,89039300,4,88118148,981814,969910,rs1165564275,NC_000004.12:88118147:C:T,single nucleotide variant,missense variant,Uncertain significance,"Aug 1, 2020","criteria provided, single submitter",,,,,,
NM_004827.3(ABCG2):c.791_792del (p.Leu264fs),ABCG2,L264fs,"BLOOD GROUP, JUNIOR SYSTEM|URIC ACID CONCENTRATION, SERUM, QUANTITATIVE TRAIT LOCUS 1|not provided",VCV000030388,4,89039310 - 89039311,4,88118158 - 88118159,30388,39345,rs387906870,NC_000004.12:88118157:AA:,Deletion,frameshift variant,Conflicting classifications of pathogenicity,"Dec 17, 2022","criteria provided, conflicting classifications",,,,,,
NM_004827.3(ABCG2):c.791T>G (p.Leu264Arg),ABCG2,L264R,not specified,VCV002395034,4,89039311,4,88118159,2395034,2385346,rs779482956,NC_000004.12:88118158:A:C,single nucleotide variant,missense variant,Uncertain significance,"Jun 29, 2022","criteria provided, single submitter",,,,,,
NM_004827.3(ABCG2):c.778G>T (p.Ala260Ser),ABCG2,"A190S, A209S, A260S",,VCV004308956,4,89039324,4,88118172,4308956,4430976,,NC_000004.12:88118171:C:A,single nucleotide variant,missense variant,,,,,,,,,
NM_004827.3(ABCG2):c.765C>A (p.Ser255Arg),ABCG2,S255R,not specified,VCV003129645,4,89039337,4,88118185,3129645,3290217,rs201913594,NC_000004.12:88118184:G:T,single nucleotide variant,missense variant,Uncertain significance,"Nov 2, 2023","criteria provided, single submitter",,,,,,
NM_004827.3(ABCG2):c.760G>T (p.Asp254Tyr),ABCG2,"D184Y, D254Y, D203Y",,VCV004308957,4,89039342,4,88118190,4308957,4430977,,NC_000004.12:88118189:C:A,single nucleotide variant,missense variant,,,,,,,,,
NM_004827.3(ABCG2):c.751A>T (p.Lys251Ter),ABCG2,"K251*, K181*, K200*",,VCV004308958,4,89039351,4,88118199,4308958,4430978,,NC_000004.12:88118198:T:A,single nucleotide variant,nonsense,,,,,,,,,
NM_004827.3(ABCG2):c.736C>T (p.Arg246Ter),ABCG2,R246*,"BLOOD GROUP, JUNIOR SYSTEM",VCV000030383,4,89039366,4,88118214,30383,39340,rs200190472,NC_000004.12:88118213:G:A,single nucleotide variant,nonsense,Affects,"Jan 15, 2012",no assertion criteria provided,,,,,,
NM_004827.3(ABCG2):c.719T>A (p.Phe240Tyr),ABCG2,F240Y,not specified,VCV003413062,4,89039383,4,88118231,3413062,3578184,,NC_000004.12:88118230:A:T,single nucleotide variant,missense variant,Uncertain significance,"Nov 20, 2024","criteria provided, single submitter",,,,,,
NM_004827.3(ABCG2):c.706C>T (p.Arg236Ter),ABCG2,R236*,"BLOOD GROUP, JUNIOR SYSTEM",VCV000030387,4,89039396,4,88118244,30387,39344,rs140207606,NC_000004.12:88118243:G:A,single nucleotide variant,nonsense,association,"Mar 18, 2013",no assertion criteria provided,,,,,,
NM_004827.3(ABCG2):c.690-14C>T,ABCG2,,not specified,VCV004967829,4,89039426,4,88118274,4967829,5082113,,NC_000004.12:88118273:G:A,single nucleotide variant,intron variant,Likely benign,"Aug 17, 2020","criteria provided, single submitter",,,,,,
NM_004827.3(ABCG2):c.690-172A>G,ABCG2,,,VCV004308959,4,89039584,4,88118432,4308959,4430979,,NC_000004.12:88118431:T:C,single nucleotide variant,intron variant,,,,,,,,,
NM_004827.3(ABCG2):c.652T>C (p.Ser218Pro),ABCG2,"S148P, S167P, S218P",not specified,VCV004862374,4,89042824,4,88121672,4862374,4973287,,NC_000004.12:88121671:A:G,single nucleotide variant,missense variant,Uncertain significance,"Apr 30, 2026","criteria provided, single submitter",,,,,,
NM_004827.3(ABCG2):c.613T>C (p.Ser205Pro),ABCG2,S205P,not specified,VCV003992289,4,89042863,4,88121711,3992289,4107579,,NC_000004.12:88121710:A:G,single nucleotide variant,missense variant,Uncertain significance,"Apr 8, 2025","criteria provided, single submitter",,,,,,
NM_004827.3(ABCG2):c.554G>C (p.Gly185Ala),ABCG2,"G115A, G134A, G185A",not specified,VCV004636268,4,89042922,4,88121770,4636268,4749554,,NC_000004.12:88121769:C:G,single nucleotide variant,missense variant,Uncertain significance,"Sep 27, 2025","criteria provided, single submitter",,,,,,
NM_004827.3(ABCG2):c.531+97A>G,ABCG2,,,VCV004308961,4,89052116,4,88130964,4308961,4430981,,NC_000004.12:88130963:T:C,single nucleotide variant,intron variant,,,,,,,,,
NM_004827.3(ABCG2):c.531+10A>C,ABCG2,,not specified,VCV004967830,4,89052203,4,88131051,4967830,5082114,,NC_000004.12:88131050:T:G,single nucleotide variant,intron variant,Likely benign,"Jun 19, 2023","criteria provided, single submitter",,,,,,
NM_004827.3(ABCG2):c.449C>G (p.Thr150Arg),ABCG2,T150R,not specified,VCV003129641,4,89052295,4,88131143,3129641,3290213,rs528922939,NC_000004.12:88131142:G:C,single nucleotide variant,missense variant,Uncertain significance,"Oct 20, 2023","criteria provided, single submitter",,,,,,
NM_004827.3(ABCG2):c.421C>A (p.Gln141Lys),ABCG2,Q141K,rosuvastatin response - Efficacy|rosuvastatin response - Metabolism/PK,VCV000030389,4,89052323,4,88131171,30389,39346,rs2231142,NC_000004.12:88131170:G:T,single nucleotide variant,missense variant,drug response,"Mar 24, 2021",reviewed by expert panel,,,,,,
NM_004827.3(ABCG2):c.419del (p.Leu140fs),ABCG2,L140fs,not provided,VCV000522888,4,89052325,4,88131173,522888,513550,rs1553935607,NC_000004.12:88131172:AA:A,Deletion,frameshift variant,Uncertain significance,"Dec 18, 2017","criteria provided, single submitter",,,,,,
NM_004827.3(ABCG2):c.405G>A (p.Thr135=),ABCG2,,not specified,VCV001737464,4,89052339,4,88131187,1737464,1787328,rs143923418,NC_000004.12:88131186:C:T,single nucleotide variant,synonymous variant,Likely benign,"Jun 22, 2022","criteria provided, single submitter",,,,,,
NM_004827.3(ABCG2):c.376C>T (p.Gln126Ter),ABCG2,Q126*,"BLOOD GROUP, JUNIOR SYSTEM|URIC ACID CONCENTRATION, SERUM, QUANTITATIVE TRAIT LOCUS 1",VCV000030385,4,89052957,4,88131805,30385,39342,rs72552713,NC_000004.12:88131804:G:A,single nucleotide variant,nonsense,association,"Oct 22, 2013",no assertion criteria provided,,,,,,
NM_004827.3(ABCG2):c.369C>T (p.Tyr123=),ABCG2,,not provided,VCV000787808,4,89052964,4,88131812,787808,709505,rs2231139,NC_000004.12:88131811:G:A,single nucleotide variant,synonymous variant,Benign,"Aug 17, 2018","criteria provided, multiple submitters, no conflicts",,,,,,
NM_004827.3(ABCG2):c.295C>G (p.Pro99Ala),ABCG2,"P99A, P29A",not specified,VCV004144902,4,89053038,4,88131886,4144902,4263094,,NC_000004.12:88131885:G:C,single nucleotide variant,missense variant,Uncertain significance,"Sep 4, 2025","criteria provided, single submitter",,,,,,
NM_004827.3(ABCG2):c.264-1G>T,ABCG2,,,VCV004308962,4,89053070,4,88131918,4308962,4430982,,NC_000004.12:88131917:C:A,single nucleotide variant,splice acceptor variant,,,,,,,,,
NM_004827.3(ABCG2):c.263+10A>G,ABCG2,,ABCG2-related disorder,VCV003059818,4,89053718,4,88132566,3059818,3217724,rs2231138,NC_000004.12:88132565:T:C,single nucleotide variant,intron variant,Benign,"Dec 10, 2019",no assertion criteria provided,,,,,,
NM_004827.3(ABCG2):c.239G>T (p.Gly80Val),ABCG2,"G80V, G10V",,VCV004308963,4,89053752,4,88132600,4308963,4430983,,NC_000004.12:88132599:C:A,single nucleotide variant,missense variant,,,,,,,,,
NM_004827.3(ABCG2):c.211A>G (p.Met71Val),ABCG2,"M1V, M71V",not provided,VCV004533545,4,89053780,4,88132628,4533545,4645040,,NC_000004.12:88132627:T:C,single nucleotide variant,missense variant|initiator_codon_variant,Likely benign,"Oct 1, 2025","criteria provided, single submitter",,,,,,
NM_004827.3(ABCG2):c.208A>T (p.Ile70Phe),ABCG2,I70F,not specified,VCV003412991,4,89053783,4,88132631,3412991,3578113,,NC_000004.12:88132630:T:A,single nucleotide variant,missense variant,Uncertain significance,"Oct 28, 2024","criteria provided, single submitter",,,,,,
NM_004827.3(ABCG2):c.204-3C>T,ABCG2,,not provided,VCV000782442,4,89053790,4,88132638,782442,779219,rs34124189,NC_000004.12:88132637:G:A,single nucleotide variant,intron variant,Benign,"Aug 16, 2018","criteria provided, single submitter",,,,,,
NM_004827.3(ABCG2):c.115T>G (p.Phe39Val),ABCG2,F39V,not specified,VCV002284990,4,89061033,4,88139881,2284990,2264867,rs2476286757,NC_000004.12:88139880:A:C,single nucleotide variant,missense variant,Uncertain significance,"Apr 22, 2022","criteria provided, single submitter",,,,,,
NM_004827.3(ABCG2):c.34G>A (p.Val12Met),ABCG2,V12M,not specified,VCV000030386,4,89061114,4,88139962,30386,39343,rs2231137,NC_000004.12:88139961:C:T,single nucleotide variant,missense variant,Benign,"Nov 26, 2024","criteria provided, single submitter",,,,,,
NM_004827.3(ABCG2):c.-2A>T,ABCG2,,,VCV004308965,4,89061149,4,88139997,4308965,4430985,,NC_000004.12:88139996:T:A,single nucleotide variant,5 prime UTR variant|intron variant,,,,,,,,,
NM_004827.3(ABCG2):c.-20+6341T>G,ABCG2,,not provided,VCV001236609,4,89073197,4,88152045,1236609,1228318,rs9999111,NC_000004.12:88152044:A:C,single nucleotide variant,intron variant,Benign,"Jan 9, 2019","criteria provided, single submitter",,,,,,
NM_004827.3(ABCG2):c.-214C>G,ABCG2,,,VCV004308966,4,89079732,4,88158580,4308966,4430986,,NC_000004.12:88158579:G:C,single nucleotide variant,5 prime UTR variant|intron variant,,,,,,,,,
GRCh37/hg19 4q21.21-31.21(chr4:79246602-146469099)x3,ABCE1|ABCG2|ABHD18|ABRAXAS1|ADAD1|ADH1A|ADH1B|ADH1C|ADH4|ADH5|ADH6|ADH7|AFF1|AFG2A|AIMP1|ALPK1|ANAPC10|ANK2|ANKRD50|ANTXR2|ANXA3|ANXA5|AP1AR|ARHGAP24|ARHGEF38|ARLN|ARSJ|ATOH1|BANK1|BBS12|BBS7|BDH2|BLTP1|BMP2K|BMP3|BMPR1B|C4orf17|C4orf33|C4orf36|CAMK2D|CASP6|CCNA2|CCSER1|CDS1|CENPE|CFAP299|CFI|CISD2|CLGN|COL25A1|COPS4|COQ2|CXXC4|CYP2U1|DAPP1|DDIT4L|DKK2|DMP1|DNAJB14|DSPP|EGF|EIF4E|ELF2|ELMOD2|ELOVL6|EMCN|ENOPH1|ENPEP|ETNPPL|EXOSC9|FABP2|FAM13A|FAM13A-AS1|FAM241A|FAT4|FGF2|FGF5|FRAS1|FREM3|GAB1|GAR1|GIMD1|GK2|GPAT3|GPRIN3|GRID2|GSTCD|GYPA|GYPB|GYPE|H2AZ1|HADH|HELQ|HERC3|HERC5|HERC6|HHIP|HNRNPD|HNRNPDL|HPGDS|HPSE|HSD17B11|HSD17B13|HSPA4L|IBSP|IL15|IL2|IL21|INPP4B|INTS12|INTU|JADE1|KLHL8|LAMTOR3|LARP1B|LARP7|LEF1|LIN54|LRIT3|MAD2L1|MAML3|MANBA|MAPK10|MCUB|MEPE|METAP1|METTL14|MFSD8|MGARP|MGAT4D|MGST2|MIR302A|MIR302B|MIR302C|MIR302D|MIR367|MMRN1|MRPS18C|MTTP|MYOZ2|NAA11|NAA15|NAP1L5|NDNF|NDST3|NDST4|NDUFC1|NEUROG2|NFKB1|NKX6-1|NOAZFP|NOCT|NPNT|NUDT6|NUDT9|OSTC|OTUD4|PABPC4L|PAPSS1|PAQR3|PCAT4|PCDH10|PCDH18|PDE5A|PDHA2|PDLIM5|PGRMC2|PIGY|PITX2|PKD2|PLA2G12A|PLAC8|PLK4|PPA2|PPM1K|PPP3CA|PRDM5|PRDM8|PRKG2|PRSS12|PTPN13|PYURF|QRFPR|RAB33B|RAP1GDS1|RASGEF1B|RNF150|RPL34|RRH|SCD5|SCLT1|SCOC|SEC24B|SEC24B-AS1|SEC24D|SEC31A|SETD7|SGMS2|SLC10A6|SLC25A31|SLC39A8|SLC7A11|SLC9B1|SLC9B2|SMAD1|SMARCA5|SMARCAD1|SMIM43|SNCA|SNHG8|SPARCL1|SPP1|SPRY1|STPG2|SYNPO2|TACR3|TBC1D9|TBCK|TET2|THAP9|TIFA|TIGD2|TMEM150C|TNIP3|TRAM1L1|TRMT10A|TRPC3|TSPAN5|UBE2D3|UCP1|UGT8|UNC5C|USP38|USP53|WDFY3|ZGRF1,,not specified,VCV004851180,4,79246602 - 146469099,,,4851180,4962192,,,copy number gain,,Pathogenic,,"criteria provided, single submitter",,,,,,
GRCh37/hg19 4q13.3-22.1(chr4:70910927-92961027)x1,ABCG2|ABRAXAS1|ADAMTS3|AFF1|AFM|AFP|ALB|AMBN|AMTN|ANKRD17|ANTXR2|ANXA3|AREG|ARHGAP24|ART3|BMP2K|BMP3|BTC|C4orf36|CABS1|CCDC158|CCNG2|CCNI|CCSER1|CDKL2|CDS1|CFAP299|CNOT6L|COPS4|COQ2|COX18|CSN3|CXCL1|CXCL10|CXCL11|CXCL13|CXCL2|CXCL3|CXCL5|CXCL6|CXCL8|CXCL9|DCK|DMP1|DSPP|ENAM|ENOPH1|EPGN|EREG|FAM13A|FAM13A-AS1|FAM47E|FAM47E-STBD1|FDCSP|FGF5|FRAS1|G3BP2|GC|GK2|GPAT3|GPRIN3|GRSF1|HELQ|HERC3|HERC5|HERC6|HNRNPD|HNRNPDL|HPSE|HSD17B11|HSD17B13|HTN1|IBSP|JCHAIN|KLHL8|LIN54|MAPK10|MEPE|MMRN1|MOB1B|MRPL1|MRPS18C|MTHFD2L|MUC7|NAA11|NAAA|NAP1L5|NKX6-1|NPFFR2|NUDT9|NUP54|ODAM|ODAPH|OPRPN|PAQR3|PARM1|PCAT4|PF4|PF4V1|PIGY|PKD2|PLAC8|PPBP|PPEF2|PPM1K|PRDM8|PRKG2|PRR27|PTPN13|PYURF|RASGEF1B|RASSF6|RCHY1|RUFY3|SCARB2|SCD5|SDAD1|SEC31A|SEPTIN11|SHROOM3|SLC10A6|SLC4A4|SMR3A|SMR3B|SNCA|SOWAHB|SPARCL1|SPP1|STBD1|THAP6|THAP9|TIGD2|TMEM150C|USO1|UTP3|WDFY3,,not specified,VCV004851157,4,70910927 - 92961027,,,4851157,4962169,,,copy number loss,,Pathogenic,,"criteria provided, single submitter",,,,,,
NC_000004.11:g.(?_88532061)_(89190078_?)dup,ABCG2|PPM1K|DSPP|SPP1|MEPE|DMP1|PKD2|IBSP,,Autosomal dominant polycystic kidney disease,VCV003246698,4,88532061 - 89190078,,,3246698,3406725,,,Duplication,,Uncertain significance,"Dec 20, 2023","criteria provided, single submitter",,,,,,
GRCh37/hg19 4q21.21-22.3(chr4:81558759-95965995)x1,ABCG2|ABRAXAS1|AFF1|ARHGAP24|ATOH1|BMP3|BMPR1B|C4orf36|CCSER1|CDS1|CFAP299|COPS4|COQ2|DMP1|DSPP|ENOPH1|FAM13A|FAM13A-AS1|GPAT3|GPRIN3|GRID2|HELQ|HERC3|HERC5|HERC6|HNRNPD|HNRNPDL|HPGDS|HPSE|HSD17B11|HSD17B13|IBSP|KLHL8|LIN54|MAPK10|MEPE|MMRN1|MRPS18C|NAP1L5|NKX6-1|NUDT9|PDLIM5|PIGY|PKD2|PLAC8|PPM1K|PRKG2|PTPN13|PYURF|RASGEF1B|SCD5|SEC31A|SLC10A6|SMARCAD1|SNCA|SPARCL1|SPP1|THAP9|TIGD2|TMEM150C|WDFY3,,not specified,VCV003062764,4,81558759 - 95965995,,,3062764,3222984,,,copy number loss,,Pathogenic,,"criteria provided, single submitter",,,,,,
GRCh37/hg19 4q21.23-22.3(chr4:85139670-96295033)x3,ABCG2|AFF1|ARHGAP24|ATOH1|BMPR1B|C4orf36|CCSER1|CDS1|DMP1|DSPP|FAM13A|FAM13A-AS1|GPRIN3|GRID2|HERC3|HERC5|HERC6|HPGDS|HSD17B11|HSD17B13|IBSP|KLHL8|MAPK10|MEPE|MMRN1|NAP1L5|NKX6-1|NUDT9|PDLIM5|PIGY|PKD2|PPM1K|PTPN13|PYURF|SLC10A6|SMARCAD1|SNCA|SPARCL1|SPP1|TIGD2|UNC5C|WDFY3,,not specified,VCV003062760,4,85139670 - 96295033,,,3062760,3222980,,,copy number gain,,Likely pathogenic,,"criteria provided, single submitter",,,,,,
GRCh37/hg19 4p12-q35.2(chr4:45455621-191003541)x3,NEUROG2|NFKB1|NFXL1|SHROOM3|SLAIN2|SLC10A4|UGT2B4|UGT2B7|CABS1|CAMK2D|CASP3|CASP6|FAT4|LOC101928198|LRAT|MAD2L1|MAML3|MANBA|MAP9|MAPK10|MEPE|METAP1|METTL14|FGG|FHIP1A|FIP1L1|MFAP3L|MARCHF1|MCUB|FBXO8|FDCSP|FGA|FHDC1|CCSER1|CDKL2|CDKN2AIP|CDS1|CENPC|CENPE|CENPU|CEP135|CBR4|CCDC110|CCDC158|CCNA2|CCNG2|CCNI|FBXW7|FGB|FGF2|FGF5|NIPAL1|SLC10A6|SLC10A7|UGT8|NKX6-1|NMU|SLC25A31|UNC5C|VEGFC|WDFY3|USP46|USP53|WDR17|WWC2|USO1|USP38|SMAD1|SMARCA5|SMARCAD1|UTP3|SMIM43|SMR3A|SMR3B|SNCA|SNHG8|SNORA26|SNORD73A|SLC25A4|SLC39A8|SLC4A4|SLC7A11|SLC9B1|SLC9B2|NOCT|NPFFR2|OSTC|NPNT|NPY1R|NPY5R|NPY2R|NOA1|NOAZFP|ODAM|ODAPH|OPRPN|MRPL1|MRPS18C|MSMO1|MTHFD2L|MTNR1A|MTTP|MUC7|MYOZ2|NAA11|NAA15|NAAA|NAF1|NAP1L5|NDNF|NDST3|NDST4|NDUFC1|NEIL3|NEK1|NR3C2|NUDT6|NUDT9|NUP54|OCIAD1|OCIAD2|OTUD4|PABPC4L|PAICS|PALLD|PAPSS1|PAQR3|PARM1|PCAT4|PCDH10|PCDH18|PDCL2|PDE5A|PDGFC|PDGFRA|PDHA2|PDLIM3|PDLIM5|PF4|PF4V1|PGRMC2|PIGY|PITX2|PKD2|PLA2G12A|PLAC8|PLK4|PLRG1|POLR2B|POU4F2|PPA2|PPAT|PPBP|PPEF2|PPID|PPM1K|PPP3CA|PRDM5|PRDM8|PRIMPOL|PRKG2|PRMT9|PRR27|PRSS12|PRSS48|PTPN13|PYURF|QRFPR|RAB33B|RAP1GDS1|RAPGEF2|RASGEF1B|RASL11B|RASSF6|RBM46|RCHY1|REST|RNF150|RNF175|RPL34|RPS3A|RRH|RUFY3|RWDD4|RXFP1|SAP30|SCARB2|SCD5|SCFD2|SCLT1|SCOC|SCRG1|SDAD1|SEC24B|SEC24B-AS1|SEC24D|SEC31A|SEPTIN11|SETD7|SFRP2|SGCB|SGMS2|SH3D19|SH3RF1|SNX25|SORBS2|SOWAHB|SPARCL1|SPATA18|SPATA4|SPCS3|SPINK2|SPMAP2L|SPMIP2|SPOCK3|SPP1|SPRY1|SRD5A3|SRP72|STAP1|STATH|STBD1|STOX2|STPG2|SULT1B1|SULT1E1|SYNPO2|TACR3|TBC1D9|TBCK|TDO2|TEC|TECRL|TENM3|TET2|THAP6|THAP9|TIFA|TIGD2|TIGD4|TKTL2|TLL1|TLR2|TLR3|TMA16|TMEM131L|TMEM144|TMEM150C|TMEM154|TMEM165|TMEM184C|TMEM192|TMPRSS11A|TMPRSS11B|TMPRSS11D|TMPRSS11E|TMPRSS11F|TNIP3|TRAM1L1|TRAPPC11|TRIM2|TRIM60|TRIM61|TRIML1|TRIML2|TRMT10A|TRPC3|TSPAN5|TTC29|TXK|UBA6|UBE2D3|UCP1|UFSP2|UGT2A1|UGT2A2|UGT2A3|UGT2B10|UGT2B11|UGT2B15|UGT2B17|UGT2B28|YTHDC1|ZAR1|ZFP42|ZGRF1|ZNF827|AADAT|AASDH|ABCE1|ABCG2|ABHD18|ABRAXAS1|ACSL1|ADAD1|ADAM29|ADAMTS3|ADGRL3|ADH1A|ADH1B|ADH1C|ADH4|ADH5|ADH6|ADH7|AFF1|AFG2A|AFM|AFP|AGA|AIMP1|ALB|ALPK1|AMBN|AMTN|ANAPC10|ANK2|ANKRD17|ANKRD37|ANKRD50|ANP32C|ANTXR2|ANXA10|ANXA3|ANXA5|AP1AR|AREG|ARFIP1|ARHGAP10|ARHGAP24|ARHGEF38|ARL9|ARLN|ARSJ|ART3|ASB5|ASIC5|ATOH1|ATP10D|BANK1|BBS12|BBS7|BDH2|BLTP1|BMP2K|BMP3|BMPR1B|BTC|C4orf17|C4orf33|C4orf36|C4orf46|C4orf51|CEP44|CFAP299|CFAP96|CFAP97|CFI|CHIC2|CISD2|CLCN3|CLDN22|CLDN24|CLGN|CLOCK|CNGA1|CNOT6L|COL25A1|COMMD8|COPS4|COQ2|CORIN|COX18|COX7B2|CPE|CRACD|CSN1S1|CSN2|CSN3|CTSO|CWH43|CXCL1|CXCL10|CXCL11|CXCL13|CXCL2|CXCL3|CXCL5|CXCL6|CXCL8|CXCL9|CXXC4|CYP2U1|CYP4V2|DANCR|DAPP1|DCHS2|DCK|DCLK2|DCTD|DCUN1D4|DDIT4L|DDX60|DDX60L|DKK2|DMP1|DNAJB14|DSPP|EDNRA|EGF|EIF4E|ELF2|ELMOD2|ELOVL6|EMCN|ENAM|ENOPH1|ENPEP|ENPP6|EPGN|EPHA5|EREG|ERVMER34-1|ETFDH|ETNPPL|EXOC1|EXOSC9|F11|FABP2|FAM13A|FAM13A-AS1|FAM149A|FAM218A|FAM241A|FAM47E|FAM47E-STBD1|FAT1|FNIP2|FRAS1|FREM3|FRG1|FRG2|FRYL|FSTL5|G3BP2|GAB1|GABRA2|GABRA4|GABRB1|GABRG1|GALNT7|GALNTL6|GAR1|GASK1B|GATB|GC|GIMD1|GK2|GLRA3|GLRB|GNRHR|GPAT3|GPM6A|GPRIN3|GRIA2|GRID2|GRSF1|GSTCD|GSX2|GUCY1A1|GUCY1B1|GYPA|GYPB|GYPE|H2AZ1|HADH|HAND2|HELQ|HELT|HERC3|HERC5|HERC6|HHIP|HMGB2|HNRNPD|HNRNPDL|HOPX|HPF1|HPGD|HPGDS|HPSE|HSD17B11|HSD17B13|HSPA4L|HTN1|HTN3|IBSP|IGFBP7|IL15|IL2|IL21|ING2|INPP4B|INTS12|INTU|IRF2|JADE1|JCHAIN|KDR|KIT|KLHL2|KLHL8|KLKB1|LAMTOR3|LARP1B|LARP7|LEF1|LIN54|LNX1|LRBA|LRIT3|LRP2BP|LRRC66|LSM6|MAB21L2|MFSD8|MGARP|MGAT4D|MGST2|MIR302A|MIR302B|MIR302C|MIR302D|MIR367|MIR4449|MMAA|MMRN1|MND1|MOB1B,,not provided,VCV003024631,4,45455621 - 191003541,,,3024631,3184943,,,copy number gain,,Pathogenic,"Jan 1, 2024","criteria provided, single submitter",,,,,,
GRCh37/hg19 4q22.1(chr4:88344058-89061168)x1,ABCG2|DMP1|DSPP|IBSP|MEPE|NUDT9|PKD2|SPARCL1|SPP1,,not provided,VCV002498966,4,88344058 - 89061168,,,2498966,2476943,,,copy number loss,,Pathogenic,"Feb 1, 2023","criteria provided, single submitter",,,,,,
GRCh37/hg19 4q21.23-22.1(chr4:85839771-93071150)x1,ABCG2|AFF1|ARHGAP24|C4orf36|CCSER1|DMP1|DSPP|FAM13A|FAM13A-AS1|GPRIN3|HERC3|HERC5|HERC6|HSD17B11|HSD17B13|IBSP|KLHL8|MAPK10|MEPE|MMRN1|NAP1L5|NUDT9|PIGY|PKD2|PPM1K|PTPN13|PYURF|SLC10A6|SNCA|SPARCL1|SPP1|TIGD2|WDFY3,,not specified,VCV001527108,4,85839771 - 93071150,,,1527108,1518597,,,copy number loss,,Pathogenic,"Mar 1, 2022","criteria provided, single submitter",,,,,,
GRCh37/hg19 4q21.21-22.1(chr4:81054789-90667421)x1,ABCG2|ABRAXAS1|AFF1|ARHGAP24|BMP3|C4orf36|CDS1|CFAP299|COPS4|COQ2|DMP1|DSPP|ENOPH1|FAM13A|FAM13A-AS1|FGF5|GPAT3|GPRIN3|HELQ|HERC3|HERC5|HERC6|HNRNPD|HNRNPDL|HPSE|HSD17B11|HSD17B13|IBSP|KLHL8|LIN54|MAPK10|MEPE|MRPS18C|NAP1L5|NKX6-1|NUDT9|PIGY|PKD2|PLAC8|PPM1K|PRDM8|PRKG2|PTPN13|PYURF|RASGEF1B|SCD5|SEC31A|SLC10A6|SNCA|SPARCL1|SPP1|THAP9|TIGD2|TMEM150C|WDFY3,,not specified,VCV001527103,4,81054789 - 90667421,,,1527103,1518592,,,copy number loss,,Pathogenic,"Mar 1, 2022","criteria provided, single submitter",,,,,,
GRCh37/hg19 4q21.21-22.2(chr4:79780152-94873225)x1,ABCG2|ABRAXAS1|AFF1|ANTXR2|ARHGAP24|ATOH1|BMP2K|BMP3|C4orf36|CCSER1|CDS1|CFAP299|COPS4|COQ2|DMP1|DSPP|ENOPH1|FAM13A|FAM13A-AS1|FGF5|GK2|GPAT3|GPRIN3|GRID2|HELQ|HERC3|HERC5|HERC6|HNRNPD|HNRNPDL|HPSE|HSD17B11|HSD17B13|IBSP|KLHL8|LIN54|MAPK10|MEPE|MMRN1|MRPS18C|NAA11|NAP1L5|NKX6-1|NUDT9|PAQR3|PCAT4|PIGY|PKD2|PLAC8|PPM1K|PRDM8|PRKG2|PTPN13|PYURF|RASGEF1B|SCD5|SEC31A|SLC10A6|SNCA|SPARCL1|SPP1|THAP9|TIGD2|TMEM150C|WDFY3,,not specified,VCV001527100,4,79780152 - 94873225,,,1527100,1518589,,,copy number loss,,Pathogenic,"Mar 1, 2022","criteria provided, single submitter",,,,,,
GRCh37/hg19 4q13.3-22.1(chr4:75737340-91131156)x3,ABCG2|ABRAXAS1|AFF1|ANTXR2|ANXA3|ARHGAP24|ART3|BMP2K|BMP3|C4orf36|CCDC158|CCNG2|CCNI|CCSER1|CDKL2|CDS1|CFAP299|CNOT6L|COPS4|COQ2|CXCL10|CXCL11|CXCL13|CXCL9|DMP1|DSPP|ENOPH1|FAM13A|FAM13A-AS1|FAM47E|FAM47E-STBD1|FGF5|FRAS1|G3BP2|GK2|GPAT3|GPRIN3|HELQ|HERC3|HERC5|HERC6|HNRNPD|HNRNPDL|HPSE|HSD17B11|HSD17B13|IBSP|KLHL8|LIN54|MAPK10|MEPE|MMRN1|MRPL1|MRPS18C|NAA11|NAAA|NAP1L5|NKX6-1|NUDT9|NUP54|ODAPH|PAQR3|PARM1|PCAT4|PIGY|PKD2|PLAC8|PPEF2|PPM1K|PRDM8|PRKG2|PTPN13|PYURF|RASGEF1B|RCHY1|SCARB2|SCD5|SDAD1|SEC31A|SEPTIN11|SHROOM3|SLC10A6|SNCA|SOWAHB|SPARCL1|SPP1|STBD1|THAP6|THAP9|TIGD2|TMEM150C|USO1|WDFY3,,not specified,VCV001527097,4,75737340 - 91131156,,,1527097,1518586,,,copy number gain,,Pathogenic,"Mar 1, 2022","criteria provided, single submitter",,,,,,
GRCh37/hg19 4q21.21-22.1(chr4:80467886-93362064)x1,ABCG2|ABRAXAS1|AFF1|ANTXR2|ARHGAP24|BMP3|C4orf36|CCSER1|CDS1|CFAP299|COPS4|COQ2|DMP1|DSPP|ENOPH1|FAM13A|FAM13A-AS1|FGF5|GPAT3|GPRIN3|GRID2|HELQ|HERC3|HERC5|HERC6|HNRNPD|HNRNPDL|HPSE|HSD17B11|HSD17B13|IBSP|KLHL8|LIN54|MAPK10|MEPE|MMRN1|MRPS18C|NAP1L5|NKX6-1|NUDT9|PCAT4|PIGY|PKD2|PLAC8|PPM1K|PRDM8|PRKG2|PTPN13|PYURF|RASGEF1B|SCD5|SEC31A|SLC10A6|SNCA|SPARCL1|SPP1|THAP9|TIGD2|TMEM150C|WDFY3,,not provided,VCV001341211,4,80467886 - 93362064,,,1341211,1332419,,,copy number loss,,Pathogenic,"Oct 22, 2020",no assertion criteria provided,,,,,,
GRCh37/hg19 4q12-31.21(chr4:52866944-143582507)x3,AASDH|ABCG2|ABHD18|ABRAXAS1|ADAD1|ADAMTS3|ADGRL3|ADH1A|ADH1B|ADH1C|ADH4|ADH5|ADH6|ADH7|AFF1|AFG2A|AFM|AFP|AIMP1|ALB|ALPK1|AMBN|AMTN|ANK2|ANKRD17|ANKRD50|ANTXR2|ANXA3|ANXA5|AP1AR|AREG|ARHGAP24|ARHGEF38|ARL9|ARLN|ARSJ|ART3|ATOH1|BANK1|BBS12|BBS7|BDH2|BLTP1|BMP2K|BMP3|BMPR1B|BTC|C4orf17|C4orf33|C4orf36|CABS1|CAMK2D|CASP6|CCDC158|CCNA2|CCNG2|CCNI|CCSER1|CDKL2|CDS1|CENPC|CENPE|CEP135|CFAP299|CFI|CHIC2|CISD2|CLGN|CLOCK|CNOT6L|COL25A1|COPS4|COQ2|COX18|CRACD|CSN1S1|CSN2|CSN3|CXCL1|CXCL10|CXCL11|CXCL13|CXCL2|CXCL3|CXCL5|CXCL6|CXCL8|CXCL9|CXXC4|CYP2U1|DANCR|DAPP1|DCK|DDIT4L|DKK2|DMP1|DNAJB14|DSPP|EGF|EIF4E|ELF2|ELMOD2|ELOVL6|EMCN|ENAM|ENOPH1|ENPEP|EPGN|EPHA5|EREG|ERVMER34-1|ETNPPL|EXOC1|EXOSC9|FABP2|FAM13A|FAM13A-AS1|FAM241A|FAM47E|FAM47E-STBD1|FAT4|FDCSP|FGF2|FGF5|FIP1L1|FRAS1|G3BP2|GAR1|GC|GIMD1|GK2|GNRHR|GPAT3|GPRIN3|GRID2|GRSF1|GSTCD|GSX2|H2AZ1|HADH|HELQ|HERC3|HERC5|HERC6|HNRNPD|HNRNPDL|HOPX|HPGDS|HPSE|HSD17B11|HSD17B13|HSPA4L|HTN1|HTN3|IBSP|IGFBP7|IL15|IL2|IL21|INPP4B|INTS12|INTU|JADE1|JCHAIN|KDR|KIT|KLHL8|LAMTOR3|LARP1B|LARP7|LEF1|LIN54|LNX1|LRIT3|LRRC66|MAD2L1|MAML3|MANBA|MAPK10|MCUB|MEPE|METAP1|METTL14|MFSD8|MGARP|MGAT4D|MGST2|MIR302A|MIR302B|MIR302C|MIR302D|MIR367|MIR4449|MMRN1|MOB1B|MRPL1|MRPS18C|MTHFD2L|MTTP|MUC7|MYOZ2|NAA11|NAA15|NAAA|NAP1L5|NDNF|NDST3|NDST4|NDUFC1|NEUROG2|NFKB1|NKX6-1|NMU|NOA1|NOCT|NPFFR2|NPNT|NUDT6|NUDT9|NUP54|ODAM|ODAPH|OPRPN|OSTC|PABPC4L|PAICS|PAPSS1|PAQR3|PARM1|PCAT4|PCDH10|PCDH18|PDCL2|PDE5A|PDGFRA|PDHA2|PDLIM5|PF4|PF4V1|PGRMC2|PIGY|PITX2|PKD2|PLA2G12A|PLAC8|PLK4|POLR2B|PPA2|PPAT|PPBP|PPEF2|PPM1K|PPP3CA|PRDM5|PRDM8|PRKG2|PRR27|PRSS12|PTPN13|PYURF|QRFPR|RAB33B|RAP1GDS1|RASGEF1B|RASL11B|RASSF6|RCHY1|REST|RNF150|RPL34|RRH|RUFY3|SCARB2|SCD5|SCFD2|SCLT1|SCOC|SDAD1|SEC24B|SEC24B-AS1|SEC24D|SEC31A|SEPTIN11|SETD7|SGCB|SGMS2|SHROOM3|SLC10A6|SLC25A31|SLC39A8|SLC4A4|SLC7A11|SLC9B1|SLC9B2|SMARCAD1|SMIM43|SMR3A|SMR3B|SNCA|SNHG8|SNORA26|SOWAHB|SPARCL1|SPATA18|SPINK2|SPMAP2L|SPP1|SPRY1|SRD5A3|SRP72|STAP1|STATH|STBD1|STPG2|SULT1B1|SULT1E1|SYNPO2|TACR3|TBC1D9|TBCK|TECRL|TET2|THAP6|THAP9|TIFA|TIGD2|TMEM150C|TMEM165|TMPRSS11A|TMPRSS11B|TMPRSS11D|TMPRSS11E|TMPRSS11F|TNIP3|TRAM1L1|TRMT10A|TRPC3|TSPAN5|UBA6|UBE2D3|UCP1|UGT2A1|UGT2A2|UGT2A3|UGT2B10|UGT2B11|UGT2B15|UGT2B17|UGT2B28|UGT2B4|UGT2B7|UGT8|UNC5C|USO1|USP46|USP53|UTP3|WDFY3|YTHDC1|ZGRF1|ZNF330,,not provided,VCV001340288,4,52866944 - 143582507,,,1340288,1331496,,,copy number gain,,Pathogenic,"Apr 1, 2021",no assertion criteria provided,,,,,,
Single allele,HERC5|SPARCL1|DMP1|GPRIN3|PPM1K|DSPP|NAP1L5|HERC3|PKD2|HSD17B11|MEPE|IBSP|PIGY|KLHL8|ABCG2|NUDT9|HERC6|TIGD2|HSD17B13|PYURF|SNCA|FAM13A|FAM13A-AS1|SPP1,,Autosomal dominant polycystic kidney disease,VCV000976807,4,88075149 - 90714489,,,976807,964975,,,Deletion,,Pathogenic,"Jan 1, 2019","criteria provided, single submitter",,,,,,
GRCh37/hg19 4q21.21-22.1(chr4:80482400-92572499)x1,CCSER1|PPM1K|SNCA|SPARCL1|SPP1|THAP9|RASGEF1B|SCD5|HERC6|HNRNPD|KLHL8|GPAT3|GPRIN3|HERC3|HERC5|CFAP299|COPS4|HELQ|FAM13A-AS1|FGF5|PRDM8|PRKG2|PTPN13|PYURF|SEC31A|SLC10A6|CDS1|C4orf36|ABCG2|ABRAXAS1|AFF1|ANTXR2|ARHGAP24|BMP3|COQ2|DMP1|DSPP|ENOPH1|FAM13A|HNRNPDL|HPSE|HSD17B11|HSD17B13|IBSP|LIN54|MAPK10|MEPE|MMRN1|MRPS18C|NAP1L5|NKX6-1|NUDT9|PCAT4|PIGY|PKD2|PLAC8|TIGD2|TMEM150C|WDFY3,,See cases,VCV000638111,4,80482400 - 92572499,,,638111,625932,,,copy number loss,,Pathogenic,"Sep 4, 2018","criteria provided, single submitter",,,,,,
GRCh37/hg19 4q21.3-22.1(chr4:87984263-89193590)x3,ABCG2|AFF1|DMP1|DSPP|HSD17B11|HSD17B13|IBSP|KLHL8|MEPE|NUDT9|PKD2|PPM1K|SPARCL1|SPP1,,not provided,VCV000562942,4,87984263 - 89193590,,,562942,554126,,,copy number gain,,Uncertain significance,"Jul 3, 2017",no assertion criteria provided,,,,,,
GRCh37/hg19 4q21.21-22.3(chr4:81314915-96636651)x1,ABCG2|ABRAXAS1|AFF1|ARHGAP24|ATOH1|BMP3|BMPR1B|C4orf36|CCSER1|CDS1|CFAP299|COPS4|COQ2|DMP1|DSPP|ENOPH1|FAM13A|FAM13A-AS1|GPAT3|GPRIN3|GRID2|HELQ|HERC3|HERC5|HERC6|HNRNPD|HNRNPDL|HPGDS|HPSE|HSD17B11|HSD17B13|IBSP|KLHL8|LIN54|MAPK10|MEPE|MMRN1|MRPS18C|NAP1L5|NKX6-1|NUDT9|PDLIM5|PIGY|PKD2|PLAC8|PPM1K|PRKG2|PTPN13|PYURF|RASGEF1B|SCD5|SEC31A|SLC10A6|SMARCAD1|SNCA|SPARCL1|SPP1|THAP9|TIGD2|TMEM150C|UNC5C|WDFY3,,not provided,VCV000562937,4,81314915 - 96636651,,,562937,554121,,,copy number loss,,Pathogenic,"Oct 12, 2017",no assertion criteria provided,,,,,,
GRCh37/hg19 4p16.3-q35.2(chr4:68346-190957473),LGI2|MAB21L2|METAP1|MSANTD1|NDST4|NPFFR2|OCIAD2|ODAM|PCDH18|PDLIM3|PPARGC1A|PRR27|RBM47|RNF175|RNF212|SEC24B-AS1|SH3BP2|SLC25A4|SMIM14|SMIM20|SORBS2|SPRY1|STPG2|STX18|TBC1D14|THAP6|TMA16|TMEM128|TMEM175|TRAPPC11|TRIM2|UCHL1|UGT2B10|UGT2B11|UGT2B15|USO1|USP17L10|USP17L22|USP46|ZFYVE28|ZGRF1|ZNF732|ZNF827|USP53|USP17L29|USP17L30|USP17L5|USP38|USP17L26|ZBED11|ZBTB49|UTP3|WDR19|USP17L11|USP17L12|ZCCHC4|ZFP42|USP17L13|USP17L15|USP17L17|USP17L18|USP17L19|USP17L20|USP17L21|UGT2B4|UGT2B17|UGT2B28|UGT2B7|UGT8|UNC5C|USP17L24|USP17L25|USP17L27|USP17L28|UCP1|UFSP2|UGDH|UBA6|UBE2D3|UBE2K|UGT2A1|UGT2A2|UGT2A3|TMEM33|TMPRSS11A|TMPRSS11B|TMPRSS11D|TMPRSS11E|TMPRSS11F|TNIP2|TNIP3|TRAM1L1|TRIM60|TRIM61|TRIML1|TMEM129|TMEM131L|TMEM144|TMEM154|TMEM156|TMEM165|TMEM150C|TRIML2|TMEM184C|TMEM192|THAP9|TIFA|TIGD2|TIGD4|TKTL2|TEC|TECRL|TENM3|TET2|TLL1|TLR1|TLR10|TLR2|TLR3|TLR6|TACC3|TACR3|TADA2B|TAPT1|TBC1D1|TBC1D19|TBC1D9|TBCK|SRD5A3|SRP72|STAP1|STATH|STBD1|STIM2|STK32B|STOX2|TDO2|SULT1B1|SULT1E1|SYNPO2|SORCS2|SOWAHB|SPARCL1|SPINK2|SPMAP2L|SPMIP2|SOD3|SNORD73A|SNX25|SPATA18|SPATA4|SPCS3|SPOCK3|SPON2|SPP1|SLC2A9|SLC30A9|SLC9B1|SLC9B2|SLIT2|SMAD1|SMARCA5|SMARCAD1|SMIM43|SMR3A|SMR3B|SNCA|SH3D19|SH3RF1|SHROOM3|SLAIN2|SLC10A6|SLC10A7|SLC25A31|SH3TC1|SHISA3|SLBP|SLC10A4|SNHG8|SNORA26|SLC26A1|SEC24D|SEC31A|SEPTIN11|SETD7|RPS3A|RRH|RUFY3|RWDD4|SFRP2|SGCB|SGMS2|SEL1L3|SEPSECS|REST|RFC1|RGS12|RHOH|RNF150|RELL1|RNF4|RPL34|RPL9|RXFP1|S100P|SAP30|PRSS12|RAPGEF2|RASGEF1B|RASL11B|RASSF6|RBM46|PRSS48|PSAPL1|PTPN13|PTTG2|PYURF|SDAD1|SEC24B|RBPJ|RCHY1|PPAT|PPBP|PPEF2|PRIMPOL|PRKG2|PGCKA1|PGM2|PGRMC2|POLR2B|POU4F2|PPA2|PRMT9|PROM1|PPID|PPM1K|PPP2R2C|PPP3CA|PRDM5|PRDM8|PDGFC|PDGFRA|PDCL2|PDE5A|PDE6B|PDLIM5|PDS5A|PF4|PDHA2|ODAPH|OPRPN|PABPC4L|PACRGL|OTOP1|OTUD4|NWD2|OCIAD1|OSTC|PAICS|PF4V1|PCDH7|PCGF3|NEIL3|NKX1-1|NPNT|NICOL1|NIPAL1|NPY5R|NUDT9|NUP54|MSMO1|MSX1|MTHFD2L|MTNR1A|NAA11|NCAPG|NDNF|NDST3|NPY1R|NPY2R|NDUFC1|METTL14|MFAP3L|MIR4449|MIR95|MAN2B2|MANBA|MAP9|MAPK10|MIR302C|MIR302D|MIR367|MRPL1|MRPS18C|LIN54|LINC01587|LNX1|LOC101928198|LIMCH1|LRRC66|LSM6|LYAR|MAD2L1|MAEA|MAML3|MARCHF1|MCUB|MED28|LAMTOR3|LAP3|LARP1B|LARP7|LCORL|LDB2|LEF1|LETM1|KLKB1|MEPE|LIAS|KCNIP4|KCTD8|KDR|KIAA0232|KIT|KLB|KLF3|KLHL2|KLHL5|KLHL8|LRAT|LRBA|LRIT3|LRP2BP|LRPAP1|MFSD8|MGARP|MGAT4D|MGST2|MIR302A|MIR302B|MMAA|MMRN1|MND1|MOB1B|MRFAP1|MRFAP1L1|MTTP|MUC7|MXD4|MYL5|MYOZ2|N4BP2|NAA15|NAAA|NAF1|NAP1L5|NAT8L|NEK1|NELFA|NEUROG2|NFKB1|NFXL1|NKX3-2|NKX6-1|NMU|NOA1|NOCT|NOP14|NR3C2|NSD2|NSG1|NSUN7|NUDT6|PALLD|PAPSS1|PAQR3|PARM1|PCAT4|PCDH10|PHOX2B|PI4K2B|PIGG|PIGY|PITX2|PKD2|PLA2G12A|PLAC8|PLK4|PLRG1|POLN|QDPR|QRFPR|RAB28|RAB33B|RAP1GDS1|SCARB2|SCD5|SCFD2|SCLT1|SCOC|SCRG1|SLC34A2|SLC39A8|SLC49A3|SLC4A4|SLC75A1|SLC7A11|TRMT10A|TRMT44|TRPC3|TSPAN5|TTC29|TXK|UVSSA|VEGFC|WDFY3|WDR1|WDR17|WFS1|WWC2|YIPF7|YTHDC1|ZAR1|ZNF141|ZNF330|ZNF518B|ZNF595|ZNF718|ZNF721|AADAT|AASDH|ABCE1|ABCG2|ABHD18|ABLIM2|ABRAXAS1|ACOX3|ACSL1|ADAD1|ADAM29|ADAMTS3|ADD1|ADGRA3|ADGRL3|ADH1A|ADH1B|ADH1C|ADH4|ADH5|ADH6|ADH7|ADRA2C|AFAP1|AFF1|AFG2A|AFM|AFP|AGA|AIMP1|ALB|ALPK1|AMBN|AMTN|ANAPC10|ANAPC4|ANK2|ANKRD17|ANKRD37|ANKRD50|ANP32C|ANTXR2|ANXA10|ANXA3|ANXA5|AP1AR|APBB2|ARAP2|AREG|ARFIP1|ARHGAP10|ARHGAP24|ARHGEF38|ARL9|ARLN|ARSJ|ART3|ASB5|ASIC5|ATOH1|ATP10D|ATP5ME|ATP8A1|BANK1|BBS12|BBS7|BDH2|BEND4|BLOC1S4|BLTP1|BMP2K|BMP3|BMPR1B|BOD1L1|BST1|BTC|C1QTNF7|C4orf17|C4orf33|C4orf36|C4orf46|C4orf50|C4orf51|CABS1|CAMK2D|CASP3|CASP6|CBR4|CC2D2A|CCDC110|CCDC149|CCDC158|CCKAR|CCNA2|CCNG2|CCNI|CCSER1|CD38|CDKL2|CDKN2AIP|CDS1|CENPC|CENPE|CENPU|CEP135|CEP44|CFAP184|CFAP299|CFAP96|CFAP97|CFI|CHIC2|CHRNA9|CISD2|CLCN3|CLDN22|CLDN24|CLGN|CLNK|CLOCK|CLRN2|CNGA1|CNOT6L|COL25A1|COMMD8|COPS4|COQ2|CORIN|COX18|COX7B2|CPE|CPEB2|CPLX1|CPZ|CRACD|CRIPAK|CRMP1|CSN1S1|CSN2|CSN3|CTBP1|CTSO|CWH43|CXCL1|CXCL10|CXCL11|CXCL13|CXCL2|CXCL3|CXCL5|CXCL6|CXCL8|CXCL9|CXXC4|CYP2U1|CYP4V2|CYTL1|DANCR|DAPP1|DCAF16|DCAF4L1|DCHS2|DCK|DCLK2|DCTD|DCUN1D4|DDIT4L|DDX60|DDX60L|DEFB131A|DGKQ|DHX15|DKK2|DMP1|DNAJB14|DOK7|DRD5|DSPP|DTHD1|EDNRA|EGF|EIF4E|ELF2|ELMOD2|ELOVL6|EMCN|ENAM|ENOPH1|ENPEP|ENPP6|EPGN|EPHA5|EREG|ERVMER34-1|ETFDH|ETNPPL|EVC|EVC2|EXOC1|EXOSC9|F11|FABP2|FAM114A1|FAM13A|FAM13A-AS1|FAM149A|FAM184B|FAM193A|FAM218A|FAM241A|FAM47E|FAM47E-STBD1|FAM53A|FAT1|FAT4|FBXL5|FBXO8|FBXW7|FDCSP|FGA|FGB|FGF2|FGF5|FGFBP1|FGFBP2|FGFR3|FGFRL1|FGG|FHDC1|FHIP1A|FIP1L1|FNIP2|FRAS1|FREM3|FRG1|FRG2|FRYL|FSTL5|G3BP2|GAB1|GABRA2|GABRA4|GABRB1|GABRG1|GAK|GALNT7|GALNTL6|GAR1|GASK1B|GATB|GBA3|GC|GIMD1|GK2|GLRA3|GLRB|GNPDA2|GNRHR|GPAT3|GPM6A|GPR78|GPRIN3|GRIA2|GRID2|GRK4|GRPEL1|GRSF1|GRXCR1|GSTCD|GSX2|GUCY1A1|GUCY1B1|GUF1|GYPA|GYPB|GYPE|H2AZ1|HADH|HAND2|HAUS3|HELQ|HELT|HERC3|HERC5|HERC6|HGFAC|HHIP|HMGB2|HMX1|HNRNPD|HNRNPDL|HOPX|HPF1|HPGD|HPGDS|HPSE|HS3ST1|HSD17B11|HSD17B13|HSPA4L|HTN1|HTN3|HTRA3|HTT|IBSP|IDUA|IGFBP7|IL15|IL2|IL21|ING2|INPP4B|INTS12|INTU|IRF2|JADE1|JAKMIP1|JCHAIN,,See cases,VCV000441728,4,68346 - 190957473,,,441728,435390,,,copy number gain,,Pathogenic,"Jul 14, 2015",no assertion criteria provided,,,,,,
GRCh37/hg19 4p16.3-q35.2(chr4:68346-190957473)x3,ABLIM2|AADAT|AASDH|ABCE1|ABCG2|ABHD18|ABRAXAS1|ACOX3|ACSL1|ADAD1|ADAM29|ADAMTS3|ADD1|ADGRA3|ADGRL3|ADH1A|ADH1B|ADH1C|ADH4|ADH5|ADH6|ADH7|ADRA2C|AFAP1|AFF1|AFG2A|AFM|AFP|AGA|ANAPC4|AIMP1|ALB|ALPK1|AMBN|AMTN|ANAPC10|ANK2|ANKRD17|ANKRD37|ANKRD50|ANP32C|ANTXR2|ANXA10|ANXA3|ANXA5|AP1AR|APBB2|ARAP2|AREG|ARFIP1|ARHGAP10|ARHGAP24|ARHGEF38|ARL9|ARLN|ARSJ|ART3|ASB5|ASIC5|ATOH1|ATP10D|ATP5ME|ATP8A1|BANK1|BBS12|BBS7|BDH2|BEND4|BLOC1S4|BLTP1|BMP2K|BMP3|BMPR1B|BOD1L1|BST1|BTC|C1QTNF7|C4orf17|C4orf33|C4orf36|C4orf46|C4orf50|C4orf51|CABS1|CAMK2D|CASP3|CASP6|CBR4|CC2D2A|CCDC110|CCDC149|CCDC158|CCKAR|CCNA2|CCNG2|CCNI|CCSER1|CD38|CDKL2|CDKN2AIP|CDS1|CENPC|CENPE|CENPU|CEP135|CEP44|CFAP184|CFAP299|CFAP96|CFAP97|CFI|CHIC2|CHRNA9|CISD2|CLCN3|CLDN22|CLDN24|CLGN|CLNK|CLOCK|CLRN2|CNGA1|CNOT6L|COL25A1|COMMD8|COPS4|COQ2|CORIN|COX18|COX7B2|CPE|CPEB2|CPLX1|CPZ|CRACD|CRIPAK|CRMP1|CSN1S1|CSN2|CSN3|CTBP1|CTSO|CWH43|CXCL1|CXCL10|CXCL11|CXCL13|CXCL2|CXCL3|CXCL5|CXCL6|CXCL8|CXCL9|CXXC4|CYP2U1|CYP4V2|CYTL1|DANCR|DAPP1|DCAF16|DCAF4L1|DCHS2|DCK|DCLK2|DCTD|DCUN1D4|DDIT4L|DDX60|DDX60L|DEFB131A|DGKQ|DHX15|DKK2|DMP1|DNAJB14|DOK7|DRD5|DSPP|DTHD1|EDNRA|EGF|EIF4E|ELF2|ELMOD2|ELOVL6|EMCN|ENAM|ENOPH1|ENPEP|ENPP6|EPGN|EPHA5|EREG|ERVMER34-1|ETFDH|ETNPPL|EVC|EVC2|EXOC1|EXOSC9|F11|FABP2|FAM114A1|FAM13A|FAM13A-AS1|FAM149A|FAM184B|FAM193A|FAM218A|FAM241A|FAM47E|FAM47E-STBD1|FAM53A|FAT1|FAT4|FBXL5|FBXO8|FBXW7|FDCSP|FGA|FGB|FGF2|FGF5|FGFBP1|FGFBP2|FGFR3|FGFRL1|FGG|FHDC1|FHIP1A|FIP1L1|FNIP2|FRAS1|FREM3|FRG1|FRG2|FRYL|FSTL5|G3BP2|GAB1|GABRA2|GABRA4|GABRB1|GABRG1|GAK|GALNT7|GALNTL6|GAR1|GASK1B|GATB|GBA3|GC|GIMD1|GK2|GLRA3|GLRB|GNPDA2|GNRHR|GPAT3|GPM6A|GPR78|GPRIN3|GRIA2|GRID2|GRK4|GRPEL1|GRSF1|GRXCR1|GSTCD|GSX2|GUCY1A1|GUCY1B1|GUF1|GYPA|GYPB|GYPE|H2AZ1|HADH|HAND2|HAUS3|HELQ|HELT|HERC3|HERC5|HERC6|HGFAC|HHIP|HMGB2|HMX1|HNRNPD|HNRNPDL|HOPX|HPF1|HPGD|HPGDS|HPSE|HS3ST1|HSD17B11|HSD17B13|HSPA4L|HTN1|HTN3|HTRA3|HTT|IBSP|IDUA|IGFBP7|IL15|IL2|IL21|ING2|INPP4B|INTS12|INTU|IRF2|JADE1|JAKMIP1|JCHAIN|KCNIP4|KCTD8|KDR|KIAA0232|KIT|KLB|KLF3|KLHL2|KLHL5|KLHL8|KLKB1|LAMTOR3|LAP3|LARP1B|LARP7|LCORL|LDB2|LEF1|LETM1|LGI2|LIAS|LIMCH1|LIN54|LINC01587|LNX1|LOC101928198|LRAT|LRBA|LRIT3|LRP2BP|LRPAP1|LRRC66|LSM6|LYAR|MAB21L2|MAD2L1|MAEA|MAML3|MAN2B2|MANBA|MAP9|MAPK10|MARCHF1|MCUB|MED28|MEPE|METAP1|METTL14|MFAP3L|MFSD8|MGARP|MGAT4D|MGST2|MIR302A|MIR302B|MIR302C|MIR302D|MIR367|MIR4449|MIR95|MMAA|MMRN1|MND1|MOB1B|MRFAP1|MRFAP1L1|MRPL1|MRPS18C|MSANTD1|MSMO1|MSX1|MTHFD2L|MTNR1A|MTTP|MUC7|MXD4|MYL5|MYOZ2|N4BP2|NAA11|NAA15|NAAA|NAF1|NAP1L5|NAT8L|NCAPG|NDNF|NDST3|NDST4|NDUFC1|NEIL3|NEK1|NELFA|NEUROG2|NFKB1|NFXL1|NICOL1|NIPAL1|NKX1-1|NKX3-2|NKX6-1|NMU|NOA1|NOCT|NOP14|NPFFR2|NPNT|NPY1R|NPY2R|NPY5R|NR3C2|NSD2|NSG1|NSUN7|NUDT6|NUDT9|NUP54|NWD2|OCIAD1|OCIAD2|ODAM|ODAPH|OPRPN|OSTC|OTOP1|OTUD4|PABPC4L|PACRGL|PAICS|PALLD|PAPSS1|PAQR3|PARM1|PCAT4|PCDH10|PCDH18|PCDH7|PCGF3|PDCL2|PDE5A|PDE6B|PDGFC|PDGFRA|PDHA2|PDLIM3|PDLIM5|PDS5A|PF4|PF4V1|PGCKA1|PGM2|PGRMC2|PHOX2B|PI4K2B|PIGG|PIGY|PITX2|PKD2|PLA2G12A|PLAC8|PLK4|PLRG1|POLN|POLR2B|POU4F2|PPA2|PPARGC1A|PPAT|PPBP|PPEF2|PPID|PPM1K|PPP2R2C|PPP3CA|PRDM5|PRDM8|PRIMPOL|PRKG2|PRMT9|PROM1|PRR27|PRSS12|PRSS48|PSAPL1|PTPN13|PTTG2|PYURF|QDPR|QRFPR|RAB28|RAB33B|RAP1GDS1|RAPGEF2|RASGEF1B|RASL11B|RASSF6|RBM46|RBM47|RBPJ|RCHY1|RELL1|REST|RFC1|RGS12|RHOH|RNF150|RNF175|RNF212|RNF4|RPL34|RPL9|RPS3A|RRH|RUFY3|RWDD4|RXFP1|S100P|SAP30|SCARB2|SCD5|SCFD2|SCLT1|SCOC|SCRG1|SDAD1|SEC24B|SEC24B-AS1|SEC24D|SEC31A|SEL1L3|SEPSECS|SEPTIN11|SETD7|SFRP2|SGCB|SGMS2|SH3BP2|SH3D19|SH3RF1|SH3TC1|SHISA3|SHROOM3|SLAIN2|SLBP|SLC10A4|SLC10A6|SLC10A7|SLC25A31|SLC25A4|SLC26A1|SLC2A9|SLC30A9|SLC34A2|SLC39A8|SLC49A3|SLC4A4|SLC75A1|SLC7A11|SLC9B1|SLC9B2|SLIT2|SMAD1|SMARCA5|SMARCAD1|SMIM14|SMIM20|SMIM43|SMR3A|SMR3B|SNCA|SNHG8|SNORA26|SNORD73A|SNX25|SOD3|SORBS2|SORCS2|SOWAHB|SPARCL1|SPATA18|SPATA4|SPCS3|SPINK2|SPMAP2L|SPMIP2|SPOCK3|SPON2|SPP1|SPRY1|SRD5A3|SRP72|STAP1|STATH|STBD1|STIM2|STK32B|STOX2|STPG2|STX18|SULT1B1|SULT1E1|SYNPO2|TACC3|TACR3|TADA2B|TAPT1|TBC1D1|TBC1D14|TBC1D19|TBC1D9|TBCK|TDO2|TEC|TECRL|TENM3|TET2|THAP6|THAP9|TIFA|TIGD2|TIGD4|TKTL2|TLL1|TLR1|TLR10|TLR2|TLR3|TLR6|TMA16|TMEM128|TMEM129|TMEM131L|TMEM144|TMEM150C|TMEM154|TMEM156|TMEM165|TMEM175|TMEM184C|TMEM192|TMEM33|TMPRSS11A|TMPRSS11B|TMPRSS11D|TMPRSS11E|TMPRSS11F|TNIP2|TNIP3|TRAM1L1|TRAPPC11|TRIM2|TRIM60|TRIM61|TRIML1|TRIML2|TRMT10A|TRMT44|TRPC3|TSPAN5|TTC29|TXK|UBA6|UBE2D3|UBE2K|UCHL1|UCP1|UFSP2|UGDH|UGT2A1|UGT2A2|UGT2A3|UGT2B10|UGT2B11|UGT2B15|UGT2B17|UGT2B28|UGT2B4|UGT2B7|UGT8|UNC5C|USO1|USP17L10|USP17L11|USP17L12|USP17L13|USP17L15|USP17L17|USP17L18|USP17L19|USP17L20|USP17L21|USP17L22|USP17L24|USP17L25|USP17L26|USP17L27|USP17L28|USP17L29|USP17L30|USP17L5|USP38|USP46|USP53|UTP3|UVSSA|VEGFC|WDFY3|WDR1|WDR17|WDR19|WFS1|WWC2|YIPF7|YTHDC1|ZAR1|ZBED11|ZBTB49|ZCCHC4|ZFP42|ZFYVE28|ZGRF1|ZNF141|ZNF330|ZNF518B|ZNF595|ZNF718|ZNF721|ZNF732|ZNF827,,See cases,VCV000441727,4,68346 - 190957473,,,441727,435389,,,copy number gain,,Pathogenic,"Dec 2, 2014",no assertion criteria provided,,,,,,
GRCh37/hg19 4q21.21-22.1(chr4:82283358-90341831)x1,ABCG2|ABRAXAS1|AFF1|ARHGAP24|C4orf36|CDS1|COPS4|COQ2|DMP1|DSPP|ENOPH1|FAM13A|FAM13A-AS1|GPAT3|GPRIN3|HELQ|HERC3|HERC5|HERC6|HNRNPD|HNRNPDL|HPSE|HSD17B11|HSD17B13|IBSP|KLHL8|LIN54|MAPK10|MEPE|MRPS18C|NAP1L5|NKX6-1|NUDT9|PIGY|PKD2|PLAC8|PPM1K|PTPN13|PYURF|RASGEF1B|SCD5|SEC31A|SLC10A6|SPARCL1|SPP1|THAP9|TIGD2|TMEM150C|WDFY3,,See cases,VCV000394976,4,82283358 - 90341831,,,394976,381869,,,copy number loss,,Pathogenic,,no assertion criteria provided,,,,,,
GRCh37/hg19 4p16.3-q35.2(chr4:12440-190904441)x3,ADD1|ADGRA3|ADH5|AFP|AP1AR|APBB2|ARHGEF38|ARL9|ARHGAP10|ARHGAP24|ARAP2|AREG|ARFIP1|ART3|ASB5|SDAD1|SEC24B|SEC24B-AS1|SH3RF1|SH3TC1|SHISA3|ANXA3|ANXA5|ARLN|ARSJ|ADH6|ADH7|AFAP1|ADRA2C|ADH1C|ADH4|AFF1|AFG2A|AFM|SLC10A7|SLC25A31|AMTN|ANXA10|ABCG2|ABHD18|ABLIM2|ANAPC10|ADGRL3|ANAPC4|ANK2|ADH1A|ADH1B|ABCE1|AADAT|AASDH|ABRAXAS1|ACOX3|ACSL1|ADAD1|ADAM29|ADAMTS3|AGA|AIMP1|ALB|ALPK1|AMBN|ANKRD17|ANKRD37|ANKRD50|ANP32C|ANTXR2|ASIC5|ATOH1|ATP10D|ATP5ME|ATP8A1|BANK1|BBS12|BBS7|BDH2|BEND4|BLOC1S4|BLTP1|BMP2K|BMP3|BMPR1B|BOD1L1|BST1|BTC|C1QTNF7|C4orf17|C4orf33|C4orf36|C4orf46|C4orf50|C4orf51|CABS1|CAMK2D|CASP3|CASP6|CBR4|CC2D2A|CCDC110|CCDC149|CCDC158|CCKAR|CCNA2|CCNG2|CCNI|CCSER1|CD38|CDKL2|CDKN2AIP|CDS1|CENPC|CENPE|CENPU|CEP135|CEP44|CFAP184|CFAP299|CFAP96|CFAP97|CFI|CHIC2|CHRNA9|CISD2|CLCN3|CLDN22|CLDN24|CLGN|CLNK|CLOCK|CLRN2|CNGA1|CNOT6L|COL25A1|COMMD8|COPS4|COQ2|CORIN|COX18|COX7B2|CPE|CPEB2|CPLX1|CPZ|CRACD|CRIPAK|CRMP1|CSN1S1|CSN2|CSN3|CTBP1|CTSO|CWH43|CXCL1|CXCL10|CXCL11|CXCL13|CXCL2|CXCL3|CXCL5|CXCL6|CXCL8|CXCL9|CXXC4|CYP2U1|CYP4V2|CYTL1|DANCR|DAPP1|DCAF16|DCAF4L1|DCHS2|DCK|DCLK2|DCTD|DCUN1D4|DDIT4L|DDX60|DDX60L|DEFB131A|DGKQ|DHX15|DKK2|DMP1|DNAJB14|DOK7|DRD5|DSPP|DTHD1|EDNRA|EGF|EIF4E|ELF2|ELMOD2|ELOVL6|EMCN|ENAM|ENOPH1|ENPEP|ENPP6|EPGN|EPHA5|EREG|ERVMER34-1|ETFDH|ETNPPL|EVC|EVC2|EXOC1|EXOSC9|F11|FABP2|FAM114A1|FAM13A|FAM13A-AS1|FAM149A|FAM184B|FAM193A|FAM218A|FAM241A|FAM47E|FAM47E-STBD1|FAM53A|FAT1|FAT4|FBXL5|FBXO8|FBXW7|FDCSP|FGA|FGB|FGF2|FGF5|FGFBP1|FGFBP2|FGFR3|FGFRL1|FGG|FHDC1|FHIP1A|FIP1L1|FNIP2|FRAS1|FREM3|FRG1|FRYL|FSTL5|G3BP2|GAB1|GABRA2|GABRA4|GABRB1|GABRG1|GAK|GALNT7|GALNTL6|GAR1|GASK1B|GATB|GBA3|GC|GIMD1|GK2|GLRA3|GLRB|GNPDA2|GNRHR|GPAT3|GPM6A|GPR78|GPRIN3|GRIA2|GRID2|GRK4|GRPEL1|GRSF1|GRXCR1|GSTCD|GSX2|GUCY1A1|GUCY1B1|GUF1|GYPA|GYPB|GYPE|H2AZ1|HADH|HAND2|HAUS3|HELQ|HELT|HERC3|HERC5|HERC6|HGFAC|HHIP|HMGB2|HMX1|HNRNPD|HNRNPDL|HOPX|HPF1|HPGD|HPGDS|HPSE|HS3ST1|HSD17B11|HSD17B13|HSPA4L|HTN1|HTN3|HTRA3|HTT|IBSP|IDUA|IGFBP7|IL15|IL2|IL21|ING2|INPP4B|INTS12|INTU|IRF2|JADE1|JAKMIP1|JCHAIN|KCNIP4|KCTD8|KDR|KIAA0232|KIT|KLB|KLF3|KLHL2|KLHL5|KLHL8|KLKB1|LAMTOR3|LAP3|LARP1B|LARP7|LCORL|LDB2|LEF1|LETM1|LGI2|LIAS|LIMCH1|LIN54|LINC01587|LNX1|LOC101928198|LRAT|LRBA|LRIT3|LRP2BP|LRPAP1|LRRC66|LSM6|LYAR|MAB21L2|MAD2L1|MAEA|MAML3|MAN2B2|MANBA|MAP9|MAPK10|MARCHF1|MCUB|MED28|MEPE|METAP1|METTL14|MFAP3L|MFSD8|MGARP|MGAT4D|MGST2|MIR302A|MIR302B|MIR302C|MIR302D|MIR367|MIR4449|MIR95|MMAA|MMRN1|MND1|MOB1B|MRFAP1|MRFAP1L1|MRPL1|MRPS18C|MSANTD1|MSMO1|MSX1|MTHFD2L|MTNR1A|MTTP|MUC7|MXD4|MYL5|MYOZ2|N4BP2|NAA11|NAA15|NAAA|NAF1|NAP1L5|NAT8L|NCAPG|NDNF|NDST3|NDST4|NDUFC1|NEIL3|NEK1|NELFA|NEUROG2|NFKB1|NFXL1|NICOL1|NIPAL1|NKX1-1|NKX3-2|NKX6-1|NMU|NOA1|NOCT|NOP14|NPFFR2|NPNT|NPY1R|NPY2R|NPY5R|NR3C2|NSD2|NSG1|NSUN7|NUDT6|NUDT9|NUP54|NWD2|OCIAD1|OCIAD2|ODAM|ODAPH|OPRPN|OSTC|OTOP1|OTUD4|PABPC4L|PACRGL|PAICS|PALLD|PAPSS1|PAQR3|PARM1|PCAT4|PCDH10|PCDH18|PCDH7|PCGF3|PDCL2|PDE5A|PDE6B|PDGFC|PDGFRA|PDHA2|PDLIM3|PDLIM5|PDS5A|PF4|PF4V1|PGCKA1|PGM2|PGRMC2|PHOX2B|PI4K2B|PIGG|PIGY|PITX2|PKD2|PLA2G12A|PLAC8|PLK4|PLRG1|POLN|POLR2B|POU4F2|PPA2|PPARGC1A|PPAT|PPBP|PPEF2|PPID|PPM1K|PPP2R2C|PPP3CA|PRDM5|PRDM8|PRIMPOL|PRKG2|PRMT9|PROM1|PRR27|PRSS12|PRSS48|PSAPL1|PTPN13|PTTG2|PYURF|QDPR|QRFPR|RAB28|RAB33B|RAP1GDS1|RAPGEF2|RASGEF1B|RASL11B|RASSF6|RBM46|RBM47|RBPJ|RCHY1|RELL1|REST|RFC1|RGS12|RHOH|RNF150|RNF175|RNF212|RNF4|RPL34|RPL9|RPS3A|RRH|RUFY3|RWDD4|RXFP1|SLBP|SLC10A4|SLC10A6|SLC2A9|SLC26A1|SCD5|SCFD2|SCOC|SCRG1|SCLT1|SEC24D|SLC25A4|SEC31A|SEL1L3|SH3BP2|SH3D19|SHROOM3|SLAIN2|S100P|SAP30|SCARB2|SEPSECS|SEPTIN11|SETD7|SFRP2|SGCB|SGMS2|SLC30A9|SLC34A2|SLC39A8|SLC49A3|SLC4A4|SLC75A1|SLC7A11|SLC9B1|SLC9B2|SLIT2|SMAD1|SMARCA5|SMARCAD1|SMIM14|SMIM20|SMIM43|SMR3A|SMR3B|SNCA|SNHG8|SNORA26|SNORD73A|SNX25|SOD3|SORBS2|SORCS2|SOWAHB|SPARCL1|SPATA18|SPATA4|SPCS3|SPINK2|SPMAP2L|SPMIP2|SPOCK3|SPON2|SPP1|SPRY1|SRD5A3|SRP72|STAP1|STATH|STBD1|STIM2|STK32B|STOX2|STPG2|STX18|SULT1B1|SULT1E1|SYNPO2|TACC3|TACR3|TADA2B|TAPT1|TBC1D1|TBC1D14|TBC1D19|TBC1D9|TBCK|TDO2|TEC|TECRL|TENM3|TET2|THAP6|THAP9|TIFA|TIGD2|TIGD4|TKTL2|TLL1|TLR1|TLR10|TLR2|TLR3|TLR6|TMA16|TMEM128|TMEM129|TMEM131L|TMEM144|TMEM150C|TMEM154|TMEM156|TMEM165|TMEM175|TMEM184C|TMEM192|TMEM33|TMPRSS11A|TMPRSS11B|TMPRSS11D|TMPRSS11E|TMPRSS11F|TNIP2|TNIP3|TRAM1L1|TRAPPC11|TRIM2|TRIM60|TRIM61|TRIML1|TRIML2|TRMT10A|TRMT44|TRPC3|TSPAN5|TTC29|TXK|UBA6|UBE2D3|UBE2K|UCHL1|UCP1|UFSP2|UGDH|UGT2A1|UGT2A2|UGT2A3|UGT2B10|UGT2B11|UGT2B15|UGT2B17|UGT2B28|UGT2B4|UGT2B7|UGT8|UNC5C|USO1|USP17L10|USP17L11|USP17L12|USP17L13|USP17L15|USP17L17|USP17L18|USP17L19|USP17L20|USP17L21|USP17L22|USP17L24|USP17L25|USP17L26|USP17L27|USP17L28|USP17L29|USP17L30|USP17L5|USP38|USP46|USP53|UTP3|UVSSA|VEGFC|WDFY3|WDR1|WDR17|WDR19|WFS1|WWC2|YIPF7|YTHDC1|ZAR1|ZBED11|ZBTB49|ZCCHC4|ZFP42|ZFYVE28|ZGRF1|ZNF141|ZNF330|ZNF518B|ZNF595|ZNF718|ZNF721|ZNF732|ZNF827,,See cases,VCV000394609,4,12440 - 190904441,,,394609,381502,,,copy number gain,,Pathogenic,,no assertion criteria provided,,,,,,
