Name	Gene(s)	Protein change	Condition(s)	Accession	GRCh37Chromosome	GRCh37Location	GRCh38Chromosome	GRCh38Location	VariationID	AlleleID(s)	dbSNP ID	Canonical SPDI	Variant type	Molecular consequence	Germline classification	Germline date last evaluated	Germline review status	Somatic clinical impact	Somatic clinical impact date last evaluated	Somatic clinical impact review status	Oncogenicity classification	Oncogenicity date last evaluated	Oncogenicity review status
GRCh38/hg38 10q23.33-24.2(chr10:92626680-97755102)x1	LOC130004423|LOC130004424|LOC130004425|LOC130004426|LOC130004427|LOC130004428|LOC130004429|LOC130004430|LOC130004431|LOC130004432|LOC130004433|LOC130004434|LOC130004435|LOC130004436|LOC130004437|LOC130004438|LOC130004439|LOC130004440|LOC130004441|LOC130004442|LOC130004443|LOC130004444|LOC130004445|LOC130004446|LOC130004447|LOC130004448|LOC130004449|LOC130004450|LOC130004451|LOC130004452|LOC130004453|LOC130004454|LOC130004455|LOC130004456|LOC130004457|LOC130004458|LOC130004459|LOC130004460|LOC130004461|LOC130004462|LOC130004463|LOC130004464|LOC130004465|LOC130004466|LOC130004467|LOC130004468|LOC130004469|LOC130004470|LOC130004471|LOC130004472|LOC130004473|LOC130004474|LOC130004475|LOC130004476|LOC130004477|LOC130004478|LOC130004479|LOC130004480|LOC130004481|LOC130004482|LOC130004483|LOC130004484|LOC130004485|LOC644215|MARVELD1|MIR3157|MIR607|MMS19|MORN4|MYOF|NOC3L|OPALIN|PDE6C|PDLIM1|PGAM1|PI4K2A|PIK3AP1|PLCE1|PLCE1-AS1|PLCE1-AS2|RBP4|RRP12|SLC35G1|SLIT1|SLIT1-AS1|SORBS1|TBC1D12|TCTN3|TLL2|TM9SF3|UBTD1|ZDHHC16|ZFYVE27|ZNF518A|ACSM6|ALDH18A1|ANKRD2|ARHGAP19|ARHGAP19-SLIT1|AVPI1|BLNK|C10orf12|C10orf131|C10orf62|CC2D2B|CCNJ|CEP55|CYP26A1|CYP26C1|CYP2C18|CYP2C19|CYP2C8|CYP2C9|DNTT|ENTPD1|ENTPD1-AS1|EXOC6|EXOSC1|FFAR4|FRA10A|FRA10AC1|FRAT1|FRAT2|HELLS|HHEX|HOGA1|KIF11|LCOR|LGI1|LOC102723665|LOC105378448|LOC107195252|LOC110121455|LOC110121505|LOC110599569|LOC110599570|LOC110599571|LOC110599572|LOC111982881|LOC111982882|LOC111982883|LOC111982884|LOC111982885|LOC116216118|LOC116216119|LOC121366073|LOC121366074|LOC121366075|LOC121815955|LOC121815956|LOC121815957|LOC121815958|LOC121815959|LOC124416868|LOC124416869|LOC124416870|LOC124416871|LOC124416872|LOC124416873|LOC124416874|LOC124416875|LOC124416876|LOC124416877|LOC124416878|LOC124416879|LOC126860998|LOC126860999|LOC126861000|LOC126861001|LOC126861002|LOC126861003|LOC126861004|LOC126861005|LOC126861006|LOC126861007|LOC126861008|LOC126861009|LOC129390215|LOC129390216|LOC129390217|LOC129390218|LOC129390219|LOC130004358|LOC130004359|LOC130004360|LOC130004361|LOC130004362|LOC130004363|LOC130004364|LOC130004365|LOC130004366|LOC130004367|LOC130004368|LOC130004369|LOC130004370|LOC130004371|LOC130004372|LOC130004373|LOC130004374|LOC130004375|LOC130004376|LOC130004377|LOC130004378|LOC130004379|LOC130004380|LOC130004381|LOC130004382|LOC130004383|LOC130004384|LOC130004385|LOC130004386|LOC130004387|LOC130004388|LOC130004389|LOC130004390|LOC130004391|LOC130004392|LOC130004393|LOC130004394|LOC130004395|LOC130004396|LOC130004397|LOC130004398|LOC130004399|LOC130004400|LOC130004401|LOC130004402|LOC130004403|LOC130004404|LOC130004405|LOC130004406|LOC130004407|LOC130004408|LOC130004409|LOC130004410|LOC130004411|LOC130004412|LOC130004413|LOC130004414|LOC130004415|LOC130004416|LOC130004417|LOC130004418|LOC130004419|LOC130004420|LOC130004421|LOC130004422		See cases	VCV000058776	10	94386437 - 99514859	10	92626680 - 97755102	58776	73371			copy number loss		Pathogenic	Aug 12, 2011	criteria provided, single submitter							
GRCh38/hg38 10q23.33-24.1(chr10:92643919-95471137)x1	ACSM6|CEP55|CYP26A1|CYP26C1|CYP2C18|CYP2C19|CYP2C8|CYP2C9|EXOC6|FFAR4|FRA10A|FRA10AC1|HELLS|HHEX|KIF11|LGI1|LOC107195252|LOC110121455|LOC110599569|LOC110599570|LOC110599571|LOC110599572|LOC111982881|LOC111982882|LOC111982883|LOC111982884|LOC116216118|LOC121366073|LOC121366074|LOC121815955|LOC121815956|LOC121815957|LOC124416868|LOC124416869|LOC124416870|LOC124416871|LOC124416872|LOC124416873|LOC126860998|LOC126860999|LOC126861000|LOC126861001|LOC126861002|LOC126861003|LOC126861004|LOC129390215|LOC129390216|LOC130004358|LOC130004359|LOC130004360|LOC130004361|LOC130004362|LOC130004363|LOC130004364|LOC130004365|LOC130004366|LOC130004367|LOC130004368|LOC130004369|LOC130004370|LOC130004371|LOC130004372|LOC130004373|LOC130004374|LOC130004375|LOC130004376|LOC130004377|LOC130004378|LOC130004379|LOC130004380|LOC130004381|LOC130004382|LOC130004383|LOC130004384|LOC130004385|LOC130004386|LOC130004387|LOC130004388|LOC130004389|LOC130004390|LOC130004391|LOC130004392|LOC130004393|LOC130004394|LOC130004395|LOC130004396|LOC130004397|LOC130004398|LOC130004399|LOC130004400|LOC130004401|LOC130004402|LOC130004403|LOC130004404|LOC130004405|LOC130004406|MYOF|NOC3L|PDE6C|PDLIM1|PLCE1|PLCE1-AS1|PLCE1-AS2|RBP4|SLC35G1|SORBS1|TBC1D12		See cases	VCV000148854	10	94403676 - 97230894	10	92643919 - 95471137	148854	158605			copy number loss		Pathogenic	Nov 4, 2011	no assertion criteria provided							
GRCh38/hg38 10q23.33-24.32(chr10:93181201-101356779)x1	LOC130004507|LOC130004508|LOC130004509|LOC130004510|LOC130004511|LOC130004512|LOC130004513|LOC130004514|LOC130004515|LOC130004516|LOC130004517|LOC130004518|LOC130004519|LOC130004520|LOC130004521|LOC130004522|LOC130004523|LOC130004524|LOC130004525|LOC130004526|LOC130004527|LOC130004528|LOC130004529|LOC130004530|LOC130004531|LOC130004532|LOC130004533|LOC130004534|LOC130004535|LOC130004536|LOC130004537|LOC130004538|LOC130004539|LOC130004540|LOC130004541|LOC130004542|LOC130004543|LOC130004544|LOC130004545|LOC130004546|LOC130004547|LOC130004548|LOC130004549|LOC130004550|LOC130004551|LOC130004552|LOC130004553|LOC130004554|LOC130004555|LOC130004556|LOC644215|LOXL4|LZTS2|MARVELD1|MIR1287|MIR3085|MIR3157|MIR4685|MIR607|MIR608|MIR6507|MMS19|MORN4|MRPL43|MYOF|NDUFB8|NKX2-3|NOC3L|OLMALINC|OPALIN|PAX2|PDE6C|PDLIM1|PDZD7|PGAM1|PI4K2A|PIK3AP1|PKD2L1|PLCE1|PLCE1-AS1|PLCE1-AS2|PYROXD2|R3HCC1L|RBP4|RRP12|SCD|SEC31B|SEMA4G|SFRP5|SFXN3|SLC25A28|SLC25A28-DT|SLC35G1|SLF2|SLIT1|SLIT1-AS1|SNORA12|SORBS1|TBC1D12|TCTN3|TLL2|TLX1|TLX1NB|TM9SF3|TWNK|UBTD1|WNT8B|ZDHHC16|ZFYVE27|ZNF518A|ABCC2|ACSM6|ALDH18A1|ANKRD2|ARHGAP19|ARHGAP19-SLIT1|AVPI1|BLNK|BLOC1S2|BTRC|C10orf12|C10orf131|C10orf62|CC2D2B|CCNJ|CEP55|CHUK|CHUK-DT|CNNM1|COX15|CPN1|CRTAC1|CUTC|CWF19L1|CYP2C18|CYP2C19|CYP2C8|CYP2C9|DNMBP|DNMBP-AS1|DNTT|ENTPD1|ENTPD1-AS1|ENTPD7|ERLIN1|EXOSC1|FFAR4|FRA10A|FRA10AC1|FRAT1|FRAT2|GOLGA7B|GOLGA7B-DT|GOT1|GOT1-DT|HELLS|HIF1AN|HOGA1|HPS1|HPS1-AS1|HPSE2|KAZALD1|KAZALD1-DT|LBX1|LBX1-AS1|LCOR|LGI1|LINC01475|LINC01514|LINC02681|LINC03191|LOC102723665|LOC105378448|LOC108281165|LOC110120845|LOC110121311|LOC110121505|LOC110599569|LOC110599570|LOC110599571|LOC110599572|LOC111832675|LOC111875816|LOC111875817|LOC111982881|LOC111982882|LOC111982883|LOC111982884|LOC111982885|LOC111982886|LOC111982887|LOC111982888|LOC113939913|LOC116216118|LOC116216119|LOC121366073|LOC121366074|LOC121366075|LOC121366076|LOC121815958|LOC121815959|LOC121815960|LOC121815961|LOC124416870|LOC124416871|LOC124416872|LOC124416873|LOC124416874|LOC124416875|LOC124416876|LOC124416877|LOC124416878|LOC124416879|LOC124416880|LOC124416884|LOC124416888|LOC124416890|LOC126860999|LOC126861000|LOC126861001|LOC126861002|LOC126861003|LOC126861004|LOC126861005|LOC126861006|LOC126861007|LOC126861008|LOC126861009|LOC126861010|LOC126861011|LOC126861012|LOC126861013|LOC126861014|LOC126861015|LOC126861016|LOC126861017|LOC126861018|LOC129390215|LOC129390216|LOC129390217|LOC129390218|LOC129390219|LOC129390220|LOC129390221|LOC129390222|LOC129390223|LOC129390224|LOC130004375|LOC130004376|LOC130004377|LOC130004378|LOC130004379|LOC130004380|LOC130004381|LOC130004382|LOC130004383|LOC130004384|LOC130004385|LOC130004386|LOC130004387|LOC130004388|LOC130004389|LOC130004390|LOC130004391|LOC130004392|LOC130004393|LOC130004394|LOC130004395|LOC130004396|LOC130004397|LOC130004398|LOC130004399|LOC130004400|LOC130004401|LOC130004402|LOC130004403|LOC130004404|LOC130004405|LOC130004406|LOC130004407|LOC130004408|LOC130004409|LOC130004410|LOC130004411|LOC130004412|LOC130004413|LOC130004414|LOC130004415|LOC130004416|LOC130004417|LOC130004418|LOC130004419|LOC130004420|LOC130004421|LOC130004422|LOC130004423|LOC130004424|LOC130004425|LOC130004426|LOC130004427|LOC130004428|LOC130004429|LOC130004430|LOC130004431|LOC130004432|LOC130004433|LOC130004434|LOC130004435|LOC130004436|LOC130004437|LOC130004438|LOC130004439|LOC130004440|LOC130004441|LOC130004442|LOC130004443|LOC130004444|LOC130004445|LOC130004446|LOC130004447|LOC130004448|LOC130004449|LOC130004450|LOC130004451|LOC130004452|LOC130004453|LOC130004454|LOC130004455|LOC130004456|LOC130004457|LOC130004458|LOC130004459|LOC130004460|LOC130004461|LOC130004462|LOC130004463|LOC130004464|LOC130004465|LOC130004466|LOC130004467|LOC130004468|LOC130004469|LOC130004470|LOC130004471|LOC130004472|LOC130004473|LOC130004474|LOC130004475|LOC130004476|LOC130004477|LOC130004478|LOC130004479|LOC130004480|LOC130004481|LOC130004482|LOC130004483|LOC130004484|LOC130004485|LOC130004486|LOC130004487|LOC130004488|LOC130004489|LOC130004490|LOC130004491|LOC130004492|LOC130004493|LOC130004494|LOC130004495|LOC130004496|LOC130004497|LOC130004498|LOC130004499|LOC130004500|LOC130004501|LOC130004502|LOC130004503|LOC130004504|LOC130004505|LOC130004506		See cases	VCV000058777	10	94940958 - 103116536	10	93181201 - 101356779	58777	73372			copy number loss		Pathogenic	Aug 12, 2011	criteria provided, single submitter							
GRCh38/hg38 10q23.33(chr10:94298267-95267990)x1	ACSM6|CYP2C18|CYP2C19|CYP2C8|CYP2C9|HELLS|LOC110599569|LOC110599570|LOC110599571|LOC110599572|LOC111982881|LOC111982882|LOC111982883|LOC124416872|LOC126861002|LOC126861003|LOC126861004|LOC129390215|LOC129390216|LOC130004383|LOC130004384|LOC130004385|LOC130004386|LOC130004387|LOC130004388|LOC130004389|LOC130004390|LOC130004391|LOC130004392|LOC130004393|NOC3L|PDLIM1|PLCE1|TBC1D12		See cases	VCV000145386	10	96058024 - 97027747	10	94298267 - 95267990	145386	155137			copy number loss		Uncertain significance	Aug 30, 2010	no assertion criteria provided							
GRCh38/hg38 10q23.33-24.1(chr10:94376979-95466604)x3	ACSM6|CYP2C18|CYP2C19|CYP2C8|CYP2C9|HELLS|LOC110599569|LOC110599570|LOC110599571|LOC110599572|LOC111982881|LOC111982882|LOC111982883|LOC111982884|LOC116216118|LOC124416872|LOC124416873|LOC126861002|LOC126861003|LOC126861004|LOC129390215|LOC129390216|LOC130004385|LOC130004386|LOC130004387|LOC130004388|LOC130004389|LOC130004390|LOC130004391|LOC130004392|LOC130004393|LOC130004394|LOC130004395|LOC130004396|LOC130004397|LOC130004398|LOC130004399|LOC130004400|LOC130004401|LOC130004402|LOC130004403|LOC130004404|LOC130004405|LOC130004406|PDLIM1|SORBS1|TBC1D12		See cases	VCV000153831	10	96136736 - 97226361	10	94376979 - 95466604	153831	163582			copy number gain		Uncertain significance	Sep 23, 2013	no assertion criteria provided							
GRCh38/hg38 10q23.33-24.1(chr10:94401557-95444828)x3	ACSM6|CYP2C18|CYP2C19|CYP2C8|CYP2C9|HELLS|LOC110599569|LOC110599570|LOC110599571|LOC110599572|LOC111982881|LOC111982882|LOC111982883|LOC111982884|LOC116216118|LOC124416872|LOC124416873|LOC126861003|LOC126861004|LOC129390216|LOC130004385|LOC130004386|LOC130004387|LOC130004388|LOC130004389|LOC130004390|LOC130004391|LOC130004392|LOC130004393|LOC130004394|LOC130004395|LOC130004396|LOC130004397|LOC130004398|LOC130004399|LOC130004400|LOC130004401|LOC130004402|LOC130004403|LOC130004404|LOC130004405|LOC130004406|PDLIM1|SORBS1|TBC1D12		See cases	VCV000148908	10	96161314 - 97204585	10	94401557 - 95444828	148908	158659			copy number gain		Uncertain significance	Nov 16, 2011	no assertion criteria provided							
GRCh38/hg38 10q23.33-24.1(chr10:94872737-95346558)x3	ACSM6|CYP2C8|CYP2C9|LOC110599569|LOC110599571|LOC110599572|LOC111982882|LOC111982883|LOC111982884|LOC116216118|LOC124416872|LOC126861003|LOC126861004|LOC130004389|LOC130004390|LOC130004391|LOC130004392|LOC130004393|LOC130004394|LOC130004395|LOC130004396|LOC130004397|LOC130004398|LOC130004399|LOC130004400|LOC130004401|LOC130004402|LOC130004403|PDLIM1|SORBS1		See cases	VCV000057474	10	96632494 - 97106315	10	94872737 - 95346558	57474	72069			copy number gain		Uncertain significance	Aug 12, 2011	criteria provided, single submitter							
NM_000771.4(CYP2C9):c.16G>T (p.Val6Phe)	CYP2C9	V6F	not specified	VCV003499193	10	96698455	10	94938698	3499193	3658253		NC_000010.11:94938697:G:T	single nucleotide variant	missense variant	Uncertain significance	Aug 19, 2024	criteria provided, single submitter							
NM_000771.4(CYP2C9):c.25C>T (p.Leu9Phe)	CYP2C9	L9F	not specified	VCV003837862	10	96698464	10	94938707	3837862	3952483		NC_000010.11:94938706:C:T	single nucleotide variant	missense variant	Uncertain significance	Jan 24, 2025	criteria provided, single submitter							
NM_000771.4(CYP2C9):c.29G>A (p.Cys10Tyr)	CYP2C9	C10Y	not specified	VCV003270585	10	96698468	10	94938711	3270585	3420147		NC_000010.11:94938710:G:A	single nucleotide variant	missense variant	Uncertain significance	May 15, 2024	criteria provided, single submitter							
NM_000771.4(CYP2C9):c.43C>A (p.Leu15Ile)	CYP2C9	L15I	not specified	VCV002287431	10	96698482	10	94938725	2287431	2282423	rs2031306544	NC_000010.11:94938724:C:A	single nucleotide variant	missense variant	Uncertain significance	May 4, 2022	criteria provided, single submitter							
NM_000771.4(CYP2C9):c.103C>T (p.Pro35Ser)	CYP2C9	P35S	not specified	VCV002604717	10	96698542	10	94938785	2604717	2768466	rs2493000572	NC_000010.11:94938784:C:T	single nucleotide variant	missense variant	Uncertain significance	Jun 21, 2023	criteria provided, single submitter							
NM_000771.4(CYP2C9):c.125T>A (p.Ile42Asn)	CYP2C9	I42N	not specified	VCV004835404	10	96698564	10	94938807	4835404	4944564		NC_000010.11:94938806:T:A	single nucleotide variant	missense variant	Uncertain significance	Dec 16, 2025	criteria provided, single submitter							
NM_000771.4(CYP2C9):c.137G>T (p.Gly46Val)	CYP2C9	G46V	not specified	VCV004008841	10	96698576	10	94938819	4008841	4125982		NC_000010.11:94938818:G:T	single nucleotide variant	missense variant	Uncertain significance	Apr 11, 2025	criteria provided, single submitter							
NM_000771.4(CYP2C9):c.239A>T (p.Tyr80Phe)	CYP2C9	Y80F	not specified	VCV002289670	10	96701685	10	94941928	2289670	2276017	rs1259461542	NC_000010.11:94941927:A:T	single nucleotide variant	missense variant	Uncertain significance	May 25, 2022	criteria provided, single submitter							
NM_000771.4(CYP2C9):c.250A>G (p.Lys84Glu)	CYP2C9	K84E	not specified	VCV002289671	10	96701696	10	94941939	2289671	2276018	rs1170075870	NC_000010.11:94941938:A:G	single nucleotide variant	missense variant	Uncertain significance	May 25, 2022	criteria provided, single submitter							
NM_000771.4(CYP2C9):c.264T>C (p.Ile88=)	CYP2C9		not provided	VCV000755270	10	96701710	10	94941953	755270	768076	rs144043022	NC_000010.11:94941952:T:C	single nucleotide variant	synonymous variant	Likely benign	Jul 21, 2018	criteria provided, single submitter							
NM_000771.4(CYP2C9):c.266A>G (p.Asp89Gly)	CYP2C9	D89G	not specified	VCV002488190	10	96701712	10	94941955	2488190	2452914	rs2493006903	NC_000010.11:94941954:A:G	single nucleotide variant	missense variant	Uncertain significance	Feb 23, 2023	criteria provided, single submitter							
NM_000771.4(CYP2C9):c.269T>C (p.Leu90Pro)	CYP2C9	L90P	Warfarin response	VCV003253602	10	96701715	10	94941958	3253602	3412388		NC_000010.11:94941957:T:C	single nucleotide variant	missense variant	drug response		criteria provided, single submitter							
NM_000771.4(CYP2C9):c.323G>A (p.Arg108Lys)	CYP2C9	R108K	not specified	VCV003837864	10	96701769	10	94942012	3837864	3952485		NC_000010.11:94942011:G:A	single nucleotide variant	missense variant	Likely benign	Feb 1, 2025	criteria provided, single submitter							
NM_000771.4(CYP2C9):c.332-10T>A	CYP2C9			VCV004366306	10	96701939	10	94942182	4366306	4486568		NC_000010.11:94942181:T:A	single nucleotide variant	intron variant										
NM_000771.4(CYP2C9):c.356A>G (p.Lys119Arg)	CYP2C9	K119R	Warfarin response	VCV003376535	10	96701973	10	94942216	3376535	3535720		NC_000010.11:94942215:A:G	single nucleotide variant	missense variant	drug response		no assertion criteria provided							
NM_000771.4(CYP2C9):c.374G>A (p.Arg125His)	CYP2C9	R125H	not provided	VCV001167372	10	96701991	10	94942234	1167372	1156516	rs72558189	NC_000010.11:94942233:G:A	single nucleotide variant	missense variant	Benign	Aug 21, 2021	criteria provided, multiple submitters, no conflicts							
NM_000771.4(CYP2C9):c.390G>T (p.Thr130=)	CYP2C9		not specified	VCV004908975	10	96702007	10	94942250	4908975	5016605		NC_000010.11:94942249:G:T	single nucleotide variant	synonymous variant	Likely benign	Sep 17, 2024	criteria provided, single submitter							
NM_000771.4(CYP2C9):c.395G>A (p.Arg132Gln)	CYP2C9	R132Q		VCV004366307	10	96702012	10	94942255	4366307	4482682		NC_000010.11:94942254:G:A	single nucleotide variant	missense variant										
NM_000771.4(CYP2C9):c.429C>T (p.Asp143=)	CYP2C9		not specified	VCV004908976	10	96702046	10	94942289	4908976	5016606		NC_000010.11:94942288:C:T	single nucleotide variant	synonymous variant	Likely benign	Oct 22, 2024	criteria provided, single submitter							
NM_000771.4(CYP2C9):c.430= (p.Arg144=)	CYP2C9			VCV000242622	10	96702047	10	94942290	242622	175331	rs1799853	NC_000010.11:94942289:C:C	single nucleotide variant	no sequence alteration	no classification for the single variant		no classification for the single variant	no classification for the single variant		no classification for the single variant	no classification for the single variant		no classification for the single variant	
NM_000771.3(CYP2C9):c.[430C>T;1075A=]	CYP2C9	R144C	Warfarin response	VCV000177709	10|10	96702047	10|10	94942290	177709	23448|175053	rs1799853|rs1057910|rs2032229276	NC_000010.11:94942289:C:T|NC_000010.11:94981295:A:A	Haplotype	missense variant|no sequence alteration	drug response	Nov 20, 2006	no assertion criteria provided							
NM_000771.3(CYP2C9):c.[430C=;1075A=]	CYP2C9		Warfarin response	VCV000163020	10|10	96702047	10|10	94942290	163020	175331|175053	rs1799853|rs1057910|rs2032229276	NC_000010.11:94942289:C:C|NC_000010.11:94981295:A:A	Haplotype	no sequence alteration	drug response	Mar 10, 2008	no assertion criteria provided							
CYP2C9*2	CYP2C9	R144C	not provided|Flurbiprofen response|Piroxicam response|not specified|Lesinurad response	VCV000008409	10	96702047	10	94942290	8409	23448	rs1799853	NC_000010.11:94942289:C:T	single nucleotide variant	missense variant	Likely benign; drug response; other	Feb 11, 2019	criteria provided, multiple submitters, no conflicts							
CYP2C9*8	CYP2C9	R150H	not provided|Lesinurad response|Piroxicam response|Flurbiprofen response	VCV000226024	10	96702066	10	94942309	226024	227771	rs7900194	NC_000010.11:94942308:G:A	single nucleotide variant	missense variant	Benign/Likely benign; drug response	Jul 3, 2023	criteria provided, multiple submitters, no conflicts							
NM_000771.4(CYP2C9):c.470G>A (p.Arg157Lys)	CYP2C9	R157K	Warfarin response	VCV003376534	10	96702087	10	94942330	3376534	3535719		NC_000010.11:94942329:G:A	single nucleotide variant	missense variant	drug response		no assertion criteria provided							
NM_000771.4(CYP2C9):c.482-20A>G	CYP2C9			VCV004366308	10	96707516	10	94947759	4366308	4482683		NC_000010.11:94947758:A:G	single nucleotide variant	intron variant										
NM_000771.4(CYP2C9):c.485C>A (p.Ser162Ter)	CYP2C9	S162*	Warfarin response	VCV003253605	10	96707539	10	94947782	3253605	3412391		NC_000010.11:94947781:C:A	single nucleotide variant	nonsense	drug response		criteria provided, single submitter							
NM_000771.4(CYP2C9):c.508C>A (p.Leu170Met)	CYP2C9	L170M	not specified	VCV004236871	10	96707562	10	94947805	4236871	4345003		NC_000010.11:94947804:C:A	single nucleotide variant	missense variant	Uncertain significance	Aug 23, 2025	criteria provided, single submitter							
NM_000771.4(CYP2C9):c.529G>A (p.Val177Met)	CYP2C9	V177M	not specified	VCV004236872	10	96707583	10	94947826	4236872	4345004		NC_000010.11:94947825:G:A	single nucleotide variant	missense variant	Uncertain significance	Aug 23, 2025	criteria provided, single submitter							
NM_000771.4(CYP2C9):c.546T>G (p.Ile182Met)	CYP2C9	I182M	not specified	VCV002283545	10	96707600	10	94947843	2283545	2273790	rs2492587460	NC_000010.11:94947842:T:G	single nucleotide variant	missense variant	Uncertain significance	Apr 13, 2022	criteria provided, single submitter							
NM_000771.4(CYP2C9):c.622T>G (p.Leu208Val)	CYP2C9	L208V	Warfarin response	VCV000008410	10	96707676	10	94947919	8410	23449	rs72558191	NC_000010.11:94947918:T:G	single nucleotide variant	missense variant	Pathogenic	Oct 15, 2001	no assertion criteria provided							
NM_000771.4(CYP2C9):c.631C>T (p.Pro211Ser)	CYP2C9	P211S	not specified	VCV003079531	10	96707685	10	94947928	3079531	3239681	rs936448529	NC_000010.11:94947927:C:T	single nucleotide variant	missense variant	Uncertain significance	Dec 11, 2023	criteria provided, single submitter							
NM_000771.4(CYP2C9):c.683G>A (p.Gly228Glu)	CYP2C9	G228E	not provided	VCV004908977	10	96708905	10	94949148	4908977	5016607		NC_000010.11:94949147:G:A	single nucleotide variant	missense variant	Uncertain significance	Aug 28, 2024	criteria provided, single submitter							
NM_000771.4(CYP2C9):c.752A>G (p.His251Arg)	CYP2C9	H251R	not provided	VCV000773002	10	96708974	10	94949217	773002	701489	rs2256871	NC_000010.11:94949216:A:G	single nucleotide variant	missense variant	Benign	Mar 10, 2020	criteria provided, multiple submitters, no conflicts							
NM_000771.4(CYP2C9):c.776A>G (p.Asn259Ser)	CYP2C9	N259S	not specified	VCV003079532	10	96708998	10	94949241	3079532	3239682	rs776115064	NC_000010.11:94949240:A:G	single nucleotide variant	missense variant	Uncertain significance	Sep 22, 2023	criteria provided, single submitter							
NM_000771.4(CYP2C9):c.787T>C (p.Phe263Leu)	CYP2C9	F263L	not specified	VCV004008842	10	96709009	10	94949252	4008842	4125983		NC_000010.11:94949251:T:C	single nucleotide variant	missense variant	Uncertain significance	Mar 30, 2025	criteria provided, single submitter							
CYP2C9*6	CYP2C9	K273fs	not provided|Lesinurad response|Flurbiprofen response|Piroxicam response	VCV000285601	10	96709039	10	94949282	285601	269838	rs9332131	NC_000010.11:94949281:AA:A	Deletion	frameshift variant	Benign/Likely benign; drug response; other	Apr 14, 2021	criteria provided, multiple submitters, no conflicts							
NM_000771.4(CYP2C9):c.819+6A>G	CYP2C9		not specified	VCV004908978	10	96709047	10	94949290	4908978	5016608		NC_000010.11:94949289:A:G	single nucleotide variant	intron variant	Likely benign	Mar 21, 2024	criteria provided, single submitter							
NM_000771.4(CYP2C9):c.820G>C (p.Glu274Gln)	CYP2C9	E274Q	not specified	VCV003837863	10	96731861	10	94972104	3837863	3952484		NC_000010.11:94972103:G:C	single nucleotide variant	missense variant	Uncertain significance	Jan 27, 2025	criteria provided, single submitter							
NM_000771.4(CYP2C9):c.823A>G (p.Lys275Glu)	CYP2C9	K275E	not specified	VCV004236873	10	96731864	10	94972107	4236873	4345005		NC_000010.11:94972106:A:G	single nucleotide variant	missense variant	Uncertain significance	Jul 18, 2025	criteria provided, single submitter							
NM_000771.4(CYP2C9):c.890C>T (p.Ala297Val)	CYP2C9	A297V	not specified	VCV002529625	10	96731931	10	94972174	2529625	2691569	rs1226372739	NC_000010.11:94972173:C:T	single nucleotide variant	missense variant	Uncertain significance	Aug 26, 2025	criteria provided, single submitter							
NM_000771.4(CYP2C9):c.899A>T (p.Glu300Val)	CYP2C9	E300V	not specified	VCV003270586	10	96731940	10	94972183	3270586	3420148		NC_000010.11:94972182:A:T	single nucleotide variant	missense variant	Uncertain significance	May 20, 2024	criteria provided, single submitter							
NM_000771.4(CYP2C9):c.907A>G (p.Ser303Gly)	CYP2C9	S303G	not specified	VCV002240869	10	96731948	10	94972191	2240869	2222523	rs1204325257	NC_000010.11:94972190:A:G	single nucleotide variant	missense variant	Uncertain significance	Aug 2, 2021	criteria provided, single submitter							
NM_000771.4(CYP2C9):c.917T>C (p.Leu306Pro)	CYP2C9	L306P	not specified	VCV004236874	10	96731958	10	94972201	4236874	4345006		NC_000010.11:94972200:T:C	single nucleotide variant	missense variant	Uncertain significance	Aug 27, 2025	criteria provided, single submitter							
NM_000771.4(CYP2C9):c.926C>T (p.Ala309Val)	CYP2C9	A309V	not specified	VCV003270582	10	96731967	10	94972210	3270582	3420144		NC_000010.11:94972209:C:T	single nucleotide variant	missense variant	Uncertain significance	Apr 6, 2024	criteria provided, single submitter							
NM_000771.4(CYP2C9):c.936C>G (p.Leu312=)	CYP2C9		not specified	VCV004908979	10	96731977	10	94972220	4908979	5016609		NC_000010.11:94972219:C:G	single nucleotide variant	synonymous variant	Likely benign	Aug 26, 2021	criteria provided, single submitter							
NM_000771.4(CYP2C9):c.961+729T>G	CYP2C9		Pulmonary disease, chronic obstructive, susceptibility to	VCV001693614	10	96732731	10	94972974	1693614	1686050	rs1856908	NC_000010.11:94972973:T:G	single nucleotide variant	intron variant	association	Jul 5, 2022	no assertion criteria provided							
NM_000771.4(CYP2C9):c.967G>T (p.Val323Phe)	CYP2C9	V323F		VCV004366309	10	96740945	10	94981188	4366309	4482684		NC_000010.11:94981187:G:T	single nucleotide variant	missense variant										
NM_000771.4(CYP2C9):c.972G>T (p.Gln324His)	CYP2C9	Q324H	not specified	VCV004008843	10	96740950	10	94981193	4008843	4125984		NC_000010.11:94981192:G:T	single nucleotide variant	missense variant	Uncertain significance	May 21, 2025	criteria provided, single submitter							
NM_000771.4(CYP2C9):c.992T>C (p.Ile331Thr)	CYP2C9	I331T	not specified	VCV004236877	10	96740970	10	94981213	4236877	4345009		NC_000010.11:94981212:T:C	single nucleotide variant	missense variant	Uncertain significance	Sep 11, 2025	criteria provided, single submitter							
CYP2C9*11	CYP2C9	R335W	not specified|not provided|Lesinurad response|Flurbiprofen response|Piroxicam response	VCV000370010	10	96740981	10	94981224	370010	354244	rs28371685	NC_000010.11:94981223:C:T	single nucleotide variant	missense variant	Benign/Likely benign; drug response	Aug 18, 2025	criteria provided, multiple submitters, no conflicts							
NM_000771.4(CYP2C9):c.1031A>T (p.His344Leu)	CYP2C9	H344L	not specified	VCV002532308	10	96741009	10	94981252	2532308	2699531	rs758841491	NC_000010.11:94981251:A:T	single nucleotide variant	missense variant	Uncertain significance	Apr 4, 2023	criteria provided, single submitter							
NM_000771.4(CYP2C9):c.1035G>A (p.Met345Ile)	CYP2C9	M345I	not specified	VCV004236878	10	96741013	10	94981256	4236878	4345010		NC_000010.11:94981255:G:A	single nucleotide variant	missense variant	Uncertain significance	Sep 11, 2025	criteria provided, single submitter							
NM_000771.4(CYP2C9):c.1043C>T (p.Thr348Ile)	CYP2C9	T348I	not specified	VCV004236876	10	96741021	10	94981264	4236876	4345008		NC_000010.11:94981263:C:T	single nucleotide variant	missense variant	Uncertain significance	Sep 1, 2025	criteria provided, single submitter							
NM_000771.4(CYP2C9):c.1075= (p.Ile359=)	CYP2C9			VCV000242623	10	96741053	10	94981296	242623	175053	rs1057910|rs2032229276	NC_000010.11:94981295:A:A	single nucleotide variant	no sequence alteration	no classification for the single variant		no classification for the single variant	no classification for the single variant		no classification for the single variant	no classification for the single variant		no classification for the single variant	
NM_000771.3(CYP2C9):c.[430C=;1075A>C]	CYP2C9	I359L	Warfarin response	VCV000163021	10|10	96741053	10|10	94981296	163021	23447|175331	rs1057910|rs1799853	NC_000010.11:94981295:A:C|NC_000010.11:94942289:C:C	Haplotype	missense variant|no sequence alteration	drug response	Nov 20, 2006	no assertion criteria provided							
CYP2C9*3	CYP2C9	I359L	not provided|Flurbiprofen response|Piroxicam response|Lesinurad response	VCV000008408	10	96741053	10	94981296	8408	23447	rs1057910	NC_000010.11:94981295:A:C	single nucleotide variant	missense variant	drug response; other	Feb 11, 2019	criteria provided, multiple submitters, no conflicts							
CYP2C9*5	CYP2C9	D360E	Lesinurad response|Flurbiprofen response|not provided|Piroxicam response	VCV000225984	10	96741058	10	94981301	225984	227774	rs28371686	NC_000010.11:94981300:C:G	single nucleotide variant	missense variant	Benign/Likely benign; drug response; other	Jan 20, 2020	criteria provided, multiple submitters, no conflicts							
NM_000771.4(CYP2C9):c.1094G>T (p.Ser365Ile)	CYP2C9	S365I	not specified	VCV003079530	10	96741072	10	94981315	3079530	3239680	rs1371272359	NC_000010.11:94981314:G:T	single nucleotide variant	missense variant	Uncertain significance	Jan 23, 2024	criteria provided, single submitter							
NM_000771.4(CYP2C9):c.1150-1847G>A	CYP2C9		Pulmonary disease, chronic obstructive, susceptibility to	VCV001693598	10	96743943	10	94984186	1693598	1686034	rs9332220	NC_000010.11:94984185:G:A	single nucleotide variant	intron variant	association	Jul 5, 2022	no assertion criteria provided							
NM_000771.4(CYP2C9):c.1157C>A (p.Thr386Asn)	CYP2C9	T386N	not specified	VCV002263897	10	96745797	10	94986040	2263897	2249416	rs1352318689	NC_000010.11:94986039:C:A	single nucleotide variant	missense variant	Uncertain significance	Dec 3, 2021	criteria provided, single submitter							
NM_000771.4(CYP2C9):c.1292-7T>C	CYP2C9		not specified	VCV004908981	10	96748597	10	94988840	4908981	5016611		NC_000010.11:94988839:T:C	single nucleotide variant	intron variant	Likely benign	Jun 11, 2020	criteria provided, single submitter							
NM_000771.4(CYP2C9):c.1292-4T>G	CYP2C9		not specified	VCV004908982	10	96748600	10	94988843	4908982	5016612		NC_000010.11:94988842:T:G	single nucleotide variant	intron variant	Likely benign	Sep 14, 2023	criteria provided, single submitter							
NM_000771.4(CYP2C9):c.1308G>T (p.Val436=)	CYP2C9		not provided	VCV000735596	10	96748620	10	94988863	735596	752341	rs199741616	NC_000010.11:94988862:G:T	single nucleotide variant	synonymous variant	Likely benign	Mar 30, 2018	criteria provided, single submitter							
NM_000771.4(CYP2C9):c.1323C>T (p.Ala441=)	CYP2C9		not provided	VCV000776530	10	96748635	10	94988878	776530	701490	rs2017319	NC_000010.11:94988877:C:T	single nucleotide variant	synonymous variant	Benign	Jun 26, 2018	criteria provided, multiple submitters, no conflicts							
NM_000771.4(CYP2C9):c.1327A>G (p.Met443Val)	CYP2C9	M443V	not specified	VCV003270583	10	96748639	10	94988882	3270583	3420145		NC_000010.11:94988881:A:G	single nucleotide variant	missense variant	Uncertain significance	Apr 30, 2024	criteria provided, single submitter							
NM_000771.4(CYP2C9):c.1379C>A (p.Ser460Tyr)	CYP2C9	S460Y	not specified	VCV004658079	10	96748691	10	94988934	4658079	4769177		NC_000010.11:94988933:C:A	single nucleotide variant	missense variant	Uncertain significance	Nov 19, 2025	criteria provided, single submitter							
NM_000771.4(CYP2C9):c.1402G>C (p.Asp468His)	CYP2C9	D468H	not specified	VCV002248533	10	96748714	10	94988957	2248533	2237952	rs1210894054	NC_000010.11:94988956:G:C	single nucleotide variant	missense variant	Uncertain significance	Sep 1, 2021	criteria provided, single submitter							
NM_000771.4(CYP2C9):c.1432T>A (p.Ser478Thr)	CYP2C9	S478T	not provided	VCV001050409	10	96748744	10	94988987	1050409	1037994	rs867786171	NC_000010.11:94988986:T:A	single nucleotide variant	missense variant	Uncertain significance		no assertion criteria provided							
NM_000771.4(CYP2C9):c.1465C>T (p.Pro489Ser)	CYP2C9	P489S	Warfarin response	VCV003253607	10	96748777	10	94989020	3253607	3412393		NC_000010.11:94989019:C:T	single nucleotide variant	missense variant	drug response		criteria provided, single submitter							
GRCh37/hg19 10q23.1-25.1(chr10:87456174-107789979)x3	ABCC2|ACSM6|ACTA2|ACTR1A|ADIRF|ADIRF-AS1|AGAP11|ALDH18A1|ANKRD1|ANKRD2|ANKRD22|ARHGAP19|ARL3|ARMH3|AS3MT|ATAD1|ATP5MK|AVPI1|BLNK|BLOC1S2|BMPR1A|BORCS7|BTAF1|BTRC|C10orf12|C10orf131|C10orf62|C10orf95|CALHM1|CALHM2|CALHM3|CC2D2B|CCNJ|CEP55|CFAP43|CFAP58|CH25H|CHUK|CNNM1|CNNM2|COL17A1|COX15|CPEB3|CPN1|CRTAC1|CUEDC2|CUTC|CWF19L1|CYP17A1|CYP26A1|CYP26C1|CYP2C18|CYP2C19|CYP2C8|CYP2C9|DNMBP|DNTT|DPCD|ELOVL3|ENTPD1|ENTPD7|ERLIN1|EXOC6|EXOSC1|FAM25A|FAS|FAS-AS1|FBXL15|FBXW4|FFAR4|FGF8|FGFBP3|FRA10AC1|FRAT1|FRAT2|GBF1|GLUD1|GOLGA7B|GOT1|GRID1|GSTO1|GSTO2|HECTD2|HELLS|HHEX|HIF1AN|HOGA1|HPS1|HPS6|HPSE2|HTR7|IDE|IFIT1|IFIT1B|IFIT2|IFIT3|IFIT5|INA|ITPRIP|KAZALD1|KCNIP2|KIF11|KIF20B|KLLN|LBX1|LCOR|LDB1|LDB3|LGI1|LIPA|LIPF|LIPJ|LIPK|LIPM|LIPN|LOXL4|LZTS2|MARCHF5|MARVELD1|MINPP1|MIR107|MIR146B|MIR346|MMRN2|MMS19|MORN4|MRPL43|MYOF|NDUFB8|NEURL1|NFKB2|NKX2-3|NOC3L|NOLC1|NPM3|NT5C2|NUTM2A|OGA|OPALIN|OPN4|PANK1|PAPSS2|PAX2|PCGF5|PCGF6|PDCD11|PDE6C|PDLIM1|PDZD7|PGAM1|PI4K2A|PIK3AP1|PITX3|PKD2L1|PLCE1|POLL|PPP1R3C|PPRC1|PSD|PTEN|PYROXD2|R3HCC1L|RBP4|RNLS|RPP30|RRP12|SCD|SEC31B|SEMA4G|SFR1|SFRP5|SFXN2|SFXN3|SH3PXD2A|SHLD2|SLC16A12|SLC25A28|SLC35G1|SLC68A1|SLF2|SLIT1|SLK|SNCG|SNORA12|SORBS1|SORCS3|STAMBPL1|STN1|SUFU|TAF5|TBC1D12|TCTN3|TLL2|TLX1|TLX1NB|TM9SF3|TNKS2|TRIM8|TWNK|UBTD1|WAPL|WBP1L|WNT8B|ZDHHC16|ZFYVE27|ZNF518A		not specified	VCV004279198	10	87456174 - 107789979			4279198	4391746			copy number gain		Pathogenic		criteria provided, single submitter							
GRCh37/hg19 10q23.2-24.31(chr10:88755921-102461203)x1	ABCC2|ACSM6|ACTA2|AGAP11|ALDH18A1|ANKRD1|ANKRD2|ANKRD22|ARHGAP19|ATAD1|AVPI1|BLNK|BLOC1S2|BTAF1|C10orf12|C10orf131|C10orf62|CC2D2B|CCNJ|CEP55|CH25H|CHUK|CNNM1|COX15|CPEB3|CPN1|CRTAC1|CUTC|CWF19L1|CYP26A1|CYP26C1|CYP2C18|CYP2C19|CYP2C8|CYP2C9|DNMBP|DNTT|ENTPD1|ENTPD7|ERLIN1|EXOC6|EXOSC1|FAM25A|FAS|FAS-AS1|FFAR4|FGFBP3|FRA10AC1|FRAT1|FRAT2|GLUD1|GOLGA7B|GOT1|HECTD2|HELLS|HHEX|HIF1AN|HOGA1|HPS1|HPSE2|HTR7|IDE|IFIT1|IFIT1B|IFIT2|IFIT3|IFIT5|KIF11|KIF20B|KLLN|LCOR|LGI1|LIPA|LIPF|LIPJ|LIPK|LIPM|LIPN|LOXL4|MARCHF5|MARVELD1|MINPP1|MIR107|MMS19|MORN4|MYOF|NDUFB8|NKX2-3|NOC3L|NUTM2A|OPALIN|PANK1|PAPSS2|PCGF5|PDE6C|PDLIM1|PGAM1|PI4K2A|PIK3AP1|PKD2L1|PLCE1|PPP1R3C|PTEN|PYROXD2|R3HCC1L|RBP4|RNLS|RPP30|RRP12|SCD|SEC31B|SFRP5|SHLD2|SLC16A12|SLC25A28|SLC35G1|SLIT1|SNORA12|SORBS1|STAMBPL1|TBC1D12|TCTN3|TLL2|TM9SF3|TNKS2|UBTD1|WNT8B|ZDHHC16|ZFYVE27|ZNF518A		not provided	VCV003391907	10	88755921 - 102461203			3391907	3550987			copy number loss		Pathogenic	Apr 19, 2024	criteria provided, single submitter							
GRCh37/hg19 10q23.33-24.2(chr10:94283369-101820913)x1	ABCC2|ACSM6|ALDH18A1|ANKRD2|ARHGAP19|AVPI1|BLNK|C10orf12|C10orf131|C10orf62|CC2D2B|CCNJ|CEP55|CNNM1|COX15|CPN1|CRTAC1|CUTC|CYP26A1|CYP26C1|CYP2C18|CYP2C19|CYP2C8|CYP2C9|DNMBP|DNTT|ENTPD1|ENTPD7|EXOC6|EXOSC1|FFAR4|FRA10AC1|FRAT1|FRAT2|GOLGA7B|GOT1|HELLS|HHEX|HOGA1|HPS1|HPSE2|IDE|KIF11|LCOR|LGI1|LOXL4|MARVELD1|MMS19|MORN4|MYOF|NKX2-3|NOC3L|OPALIN|PDE6C|PDLIM1|PGAM1|PI4K2A|PIK3AP1|PLCE1|PYROXD2|R3HCC1L|RBP4|RRP12|SFRP5|SLC25A28|SLC35G1|SLIT1|SORBS1|TBC1D12|TCTN3|TLL2|TM9SF3|UBTD1|ZDHHC16|ZFYVE27|ZNF518A		not specified	VCV003063183	10	94283369 - 101820913			3063183	3223399			copy number loss		Pathogenic		criteria provided, single submitter							
GRCh37/hg19 10q23.33-26.3(chr10:95078198-135427143)x3	ARL3|ARMH3|ARMS2|AS3MT|ATE1|ATP5MK|ATRNL1|AVPI1|BAG3|BBIP1|BCCIP|BLNK|BLOC1S2|BNIP3|BORCS7|BTBD16|BTRC|BUB3|C10orf12|C10orf120|C10orf131|C10orf62|C10orf88|C10orf90|C10orf95|CACUL1|CALHM1|CALHM2|CALHM3|CALY|CASC2|CASP7|CC2D2B|CCDC172|CCDC186|CCNJ|CEP55|CFAP43|CFAP46|CFAP58|CHST15|CHUK|CLRN3|CNNM1|CNNM2|COL17A1|COX15|CPN1|CPXM2|CRTAC1|CTBP2|CUEDC2|CUTC|CUZD1|CWF19L1|CYP17A1|CYP2C18|CYP2C19|CYP2C8|CYP2C9|CYP2E1|DCLRE1A|DENND10|DHX32|DMBT1|DNMBP|DNTT|DOCK1|DPCD|DPYSL4|DUSP5|EBF3|ECHS1|EDRF1|EEF1AKMT2|EIF3A|ELOVL3|EMX2|EMX2OS|ENO4|ENTPD1|ENTPD7|ERLIN1|EXOSC1|FAM204A|FAM24A|FAM24B|FAM53B|FANK1|FBXL15|FBXW4|FFAR4|FGF8|FGFR2|FHIP2A|FOXI2|FRA10AC1|FRAT1|FRAT2|FUOM|GBF1|GFRA1|GLRX3|GOLGA7B|GOT1|GPAM|GPR26|GRK5|GSTO1|GSTO2|HABP2|HELLS|HIF1AN|HMX2|HMX3|HOGA1|HPS1|HPS6|HPSE2|HSPA12A|HTRA1|IKZF5|INA|INPP5A|INPP5F|INSYN2A|ITPRIP|JAKMIP3|KAZALD1|KCNIP2|KCNK18|KNDC1|LBX1|LCOR|LDB1|LGI1|LHPP|LINC01166|LINC02870|LOXL4|LRRC27|LZTS2|MARVELD1|MCMBP|MGMT|MIR146B|MKI67|MMP21|MMS19|MORN4|MRPL43|MTG1|MXI1|MYOF|NANOS1|NDUFB8|NEURL1|NFKB2|NHLRC2|NKX1-2|NKX2-3|NKX6-2|NOC3L|NOLC1|NPM3|NPS|NRAP|NSMCE4A|NT5C2|OAT|OGA|OPALIN|PAOX|PAX2|PCGF6|PDCD11|PDCD4|PDE6C|PDLIM1|PDZD7|PDZD8|PGAM1|PI4K2A|PIK3AP1|PITX3|PKD2L1|PLCE1|PLEKHA1|PLEKHS1|PLPP4|PNLIP|PNLIPRP1|PNLIPRP2|PNLIPRP3|POLL|PPP2R2D|PPRC1|PRAP1|PRDX3|PRLHR|PSD|PSTK|PTPRE|PWWP2B|PYROXD2|R3HCC1L|RAB11FIP2|RBM20|RBP4|RGS10|RRP12|SCD|SEC23IP|SEC31B|SEMA4G|SFR1|SFRP5|SFXN2|SFXN3|SFXN4|SH3PXD2A|SHOC2|SHTN1|SLC18A2|SLC25A28|SLC35G1|SLC68A1|SLF2|SLIT1|SLK|SMC3|SMNDC1|SNORA12|SORBS1|SORCS1|SORCS3|SPMIP5|SPRN|STK32C|STN1|SUFU|SYCE1|TACC2|TAF5|TBC1D12|TCERG1L|TCERG1L-AS1|TCF7L2|TCTN3|TDRD1|TECTB|TEX36|TIAL1|TLL2|TLX1|TLX1NB|TM9SF3|TRIM8|TRUB1|TUBGCP2|TWNK|UBTD1|UROS|UTF1|VAX1|VENTX|VTI1A|VWA2|WBP1L|WDR11|WNT8B|XPNPEP1|ZDHHC16|ZDHHC6|ZFYVE27|ZNF511|ZNF518A|ZRANB1|ABCC2|ABLIM1|ABRAXAS2|ACADSB|ACSL5|ACSM6|ACTR1A|ADAM12|ADAM8|ADD3|ADGRA1|ADRA2A|ADRB1|AFAP1L2|ALDH18A1|ANKRD2|ARHGAP19		not specified	VCV003063164	10	95078198 - 135427143			3063164	3223380			copy number gain		Pathogenic		criteria provided, single submitter							
GRCh37/hg19 10q23.33-24.1(chr10:96180463-97226361)x3	ACSM6|CYP2C18|CYP2C19|CYP2C8|CYP2C9|HELLS|PDLIM1|SORBS1|TBC1D12		not specified	VCV003063150	10	96180463 - 97226361			3063150	3223366			copy number gain		Uncertain significance		criteria provided, single submitter							
GRCh37/hg19 10q23.31-24.2(chr10:90796994-100067505)x1	ACSM6|ALDH18A1|ANKRD1|ANKRD2|ARHGAP19|AVPI1|BLNK|BTAF1|C10orf12|C10orf131|C10orf62|CC2D2B|CCNJ|CEP55|CH25H|CPEB3|CRTAC1|CYP26A1|CYP26C1|CYP2C18|CYP2C19|CYP2C8|CYP2C9|DNTT|ENTPD1|EXOC6|EXOSC1|FFAR4|FGFBP3|FRA10AC1|FRAT1|FRAT2|GOLGA7B|HECTD2|HELLS|HHEX|HOGA1|HTR7|IDE|IFIT1|IFIT1B|IFIT2|IFIT3|IFIT5|KIF11|KIF20B|LCOR|LGI1|LIPA|LOXL4|MARCHF5|MARVELD1|MIR107|MMS19|MORN4|MYOF|NOC3L|OPALIN|PANK1|PCGF5|PDE6C|PDLIM1|PGAM1|PI4K2A|PIK3AP1|PLCE1|PPP1R3C|R3HCC1L|RBP4|RPP30|RRP12|SFRP5|SLC16A12|SLC35G1|SLIT1|SORBS1|TBC1D12|TCTN3|TLL2|TM9SF3|TNKS2|UBTD1|ZDHHC16|ZFYVE27|ZNF518A		not specified	VCV003063132	10	90796994 - 100067505			3063132	3223349			copy number loss		Pathogenic		criteria provided, single submitter							
GRCh37/hg19 10q23.33-24.1(chr10:96298410-97426086)x3	ACSM6|ALDH18A1|CYP2C18|CYP2C19|CYP2C8|CYP2C9|HELLS|PDLIM1|SORBS1|TCTN3		not provided	VCV002684614	10	96298410 - 97426086			2684614	2845649			copy number gain		Uncertain significance	Aug 1, 2022	criteria provided, single submitter							
GRCh37/hg19 10q11.21-24.2(chr10:42709645-100834951)x3	ANKRD22|BICC1|CPEB3|DNAJC9|FAM25E|IFIT1|IFIT1B|IFIT2|LRRC18|MRPS16|MSMB|MSS51|MTRNR2L5|MYOF|MYOZ1|MYPN|NCOA4|NDST2|NEUROG3|MBL2|MCU|MICU1|LRRTM3|MACROH2A2|NOC3L|LRRC20|MAPK8|MARCHF5|MARCHF8|MARVELD1|LIPK|LIPM|MAT1A|IFIT3|IFIT5|IPMK|JMJD1C|KLLN|HNRNPF|HNRNPH3|LCOR|LDB3|FAM25G|FRAT2|FRMPD2|FXYD4|GDF10|ECD|EXOSC1|HKDC1|DNTT|DRGX|DUSP13B|DUSP29|DYDC1|CYP2C8|DDIT4|DYDC2|CRTAC1|CSGALNACT2|CSTF2T|CYP2C9|DDX21|CAMK2G|CC2D2B|DDX50|C10orf12|C10orf131|C10orf53|C10orf55|C10orf62|C10orf71|ARHGAP19|ARHGAP22|ARID5B|CABCOCO1|ANXA11|ANXA7|ANXA8|ANXA8L1|AGAP10|AGAP6|AGAP4|AGAP5|AP3M1|AGAP11|AGAP9|AIFM2|ACSM6|A1CF|ACTA2|ADAMTS14|ADIRF|ADIRF-AS1|ADK|ADO|ALDH18A1|ALOX5|ANAPC16|ANK3|ANKRD1|ANKRD2|ASAH2|ASAH2B|ASCC1|ATAD1|ATOH7|AVPI1|BLNK|BMPR1A|BMS1|BTAF1|C10orf105|CCAR1|CCDC6|CCNJ|CCSER2|CDH23|CDHR1|CDK1|CEP55|CFAP70|CH25H|CHAT|CHCHD1|CHST3|CISD1|COL13A1|COMTD1|CTNNA3|CXCL12|CYP26A1|CYP26C1|CYP2C18|CYP2C19|DEPP1|DKK1|DLG5|DNA2|DNAJB12|DNAJC12|EGR2|EIF4EBP2|EIF5AL1|ENTPD1|ERCC6|EXOC6|FAM13C|FAM149B1|FAM170B|FAM241B|FAM25A|FAM25C|FAS|FAS-AS1|FFAR4|FGFBP3|FRA10AC1|FRAT1|GDF2|GHITM|GLUD1|GOLGA7B|GPR15LG|GPRIN2|GRID1|HECTD2|HELLS|HERC4|HHEX|HK1|HOGA1|HPS1|HPSE2|HTR7|IDE|KAT6B|KCNMA1|KIF11|KIF20B|KIFBP|LGI1|LINC01520|LIPA|LIPF|LIPJ|LIPN|LOC101929662|LOXL4|LRIT1|LRIT2|LRMDA|MINPP1|MIR107|MIR346|MMRN2|MMS19|MORN4|NODAL|NPFFR1|NPY4R|NRBF2|NRG3|NUDT13|NUTM2A|NUTM2B|OGDHL|OIT3|OPALIN|OPN4|OR13A1|P4HA1|PALD1|PANK1|PAPSS2|PARG|PBLD|PCBD1|PCDH15|PCGF5|PDE6C|PDLIM1|PGAM1|PGBD3|PHYHIPL|PI4K2A|PIK3AP1|PLA2G12B|PLAC9|PLAU|PLCE1|POFUT4|POLR3A|PPA1|PPIF|PPP1R3C|PPP3CB|PRF1|PRKG1|PRXL2A|PSAP|PTEN|PTPN20|PYROXD2|R3HCC1L|RASGEF1A|RASSF4|RBP3|RBP4|REEP3|RET|RGR|RHOBTB1|RNLS|RPP30|RPS24|RRP12|RTKN2|RUFY2|SAMD8|SAR1A|SEC24C|SFRP5|SFTPA1|SFTPA2|SFTPD|SGMS1|SGPL1|SH2D4B|SHLD2|SIRT1|SLC16A12|SLC16A9|SLC18A3|SLC25A16|SLC29A3|SLC35G1|SLIT1|SNCG|SORBS1|SPOCK2|SRGN|STAMBPL1|STOX1|SUPV3L1|SYNPO2L|SYT15|TACR2|TBATA|TBC1D12|TCTN3|TET1|TFAM|TIMM23|TLL2|TM9SF3|TMEM254|TMEM26|TMEM273|TMEM72|TNKS2|TSPAN14|TSPAN15|TYSND1|UBE2D1|UBTD1|UNC5B|USP54|VCL|VDAC2|VPS26A|VSIR|VSTM4|WAPL|WASHC2A|WASHC2C|WDFY4|ZCCHC24|ZDHHC16|ZFAND4|ZFYVE27|ZMIZ1|ZNF22|ZNF22-AS1|ZNF239|ZNF32|ZNF33B|ZNF365|ZNF485|ZNF488|ZNF503|ZNF518A|ZSWIM8|ZWINT		not provided	VCV002684602	10	42709645 - 100834951			2684602	2845637			copy number gain		Pathogenic	Jul 9, 2022	criteria provided, single submitter							
GRCh37/hg19 10p14-q26.3(chr10:11138692-135427143)	A1CF|ABCC2|ABI1|ABLIM1|ABRAXAS2|ACADSB|ACBD5|ACBD7|ACSL5|ACSM6|ACTA2|ACTR1A|ADAM12|ADAM8|ADAMTS14|ADD3|ADGRA1|ADIRF|ADIRF-AS1|ADK|ADO|ADRA2A|ADRB1|AFAP1L2|AGAP10|AGAP11|AGAP4|AGAP5|AGAP6|AGAP9|AIFM2|ALDH18A1|ALOX5|ANAPC16|ANK3|ANKRD1|ANKRD2|ANKRD22|ANKRD26|ANKRD30A|ANXA11|ANXA7|ANXA8|ANXA8L1|AP3M1|APBB1IP|ARHGAP12|ARHGAP19|ARHGAP21|ARHGAP22|ARID5B|ARL3|ARL5B|ARMC3|ARMH3|ARMS2|AS3MT|ASAH2|ASAH2B|ASCC1|ATAD1|ATE1|ATOH7|ATP5MK|ATRNL1|AVPI1|BAG3|BAMBI|BBIP1|BCCIP|BEND7|BICC1|BLNK|BLOC1S2|BMI1|BMPR1A|BMS1|BNIP3|BORCS7|BTAF1|BTBD16|BTRC|BUB3|C10orf105|C10orf113|C10orf12|C10orf120|C10orf126|C10orf131|C10orf53|C10orf55|C10orf62|C10orf67|C10orf71|C10orf88|C10orf90|C10orf95|C1QL3|CABCOCO1|CACNB2|CACUL1|CALHM1|CALHM2|CALHM3|CALY|CAMK1D|CAMK2G|CASC2|CASP7|CC2D2B|CCAR1|CCDC172|CCDC186|CCDC3|CCDC6|CCDC7|CCNJ|CCNY|CCSER2|CDC123|CDH23|CDHR1|CDK1|CDNF|CELF2|CEP55|CFAP43|CFAP46|CFAP58|CFAP70|CH25H|CHAT|CHCHD1|CHST15|CHST3|CHUK|CISD1|CLRN3|CNNM1|CNNM2|COL13A1|COL17A1|COMMD3|COMMD3-BMI1|COMTD1|COX15|CPEB3|CPN1|CPXM2|CREM|CRTAC1|CSGALNACT2|CSTF2T|CTBP2|CTNNA3|CUBN|CUEDC2|CUL2|CUTC|CUZD1|CWF19L1|CXCL12|CYP17A1|CYP26A1|CYP26C1|CYP2C18|CYP2C19|CYP2C8|CYP2C9|CYP2E1|DCLRE1A|DCLRE1C|DDIT4|DDX21|DDX50|DENND10|DEPP1|DHTKD1|DHX32|DKK1|DLG5|DMBT1|DNA2|DNAJB12|DNAJC1|DNAJC12|DNAJC9|DNMBP|DNTT|DOCK1|DPCD|DPYSL4|DRGX|DUSP13B|DUSP29|DUSP5|DYDC1|DYDC2|EBF3|EBLN1|ECD|ECHDC3|ECHS1|EDRF1|EEF1AKMT2|EGR2|EIF3A|EIF4EBP2|EIF5AL1|ELOVL3|EMX2|EMX2OS|ENKUR|ENO4|ENTPD1|ENTPD7|EPC1|ERCC6|ERLIN1|EXOC6|EXOSC1|FAM107B|FAM13C|FAM149B1|FAM170B|FAM171A1|FAM204A|FAM241B|FAM24A|FAM24B|FAM25A|FAM25C|FAM25E|FAM25G|FAM53B|FANK1|FAS|FAS-AS1|FBXL15|FBXW4|FFAR4|FGF8|FGFBP3|FGFR2|FHIP2A|FOXI2|FRA10AC1|FRAT1|FRAT2|FRMD4A|FRMPD2|FUOM|FXYD4|FZD8|GAD2|GBF1|GDF10|GDF2|GFRA1|GHITM|GJD4|GLRX3|GLUD1|GOLGA7B|GOT1|GPAM|GPR158|GPR15LG|GPR26|GPRIN2|GRID1|GRK5|GSTO1|GSTO2|HABP2|HACD1|HECTD2|HELLS|HERC4|HHEX|HIF1AN|HK1|HKDC1|HMX2|HMX3|HNRNPF|HNRNPH3|HOGA1|HPS1|HPS6|HPSE2|HSPA12A|HSPA14|HTR7|HTRA1|IDE|IFIT1|IFIT1B|IFIT2|IFIT3|IFIT5|IKZF5|INA|INPP5A|INPP5F|INSYN2A|IPMK|ITGA8|ITGB1|ITPRIP|JAKMIP3|JCAD|JMJD1C|KAT6B|KAZALD1|KCNIP2|KCNK18|KCNMA1|KIAA1217|KIF11|KIF20B|KIF5B|KIFBP|KLLN|KNDC1|LBX1|LCOR|LDB1|LDB3|LGI1|LHPP|LINC01166|LINC01520|LINC02870|LIPA|LIPF|LIPJ|LIPK|LIPM|LIPN|LOC101929662|LOXL4|LRIT1|LRIT2|LRMDA|LRRC18|LRRC20|LRRC27|LRRTM3|LYZL1|LYZL2|LZTS2|MACROH2A2|MAP3K8|MAPK8|MARCHF5|MARCHF8|MARVELD1|MASTL|MAT1A|MBL2|MCM10|MCMBP|MCU|MEIG1|MGMT|MICU1|MINDY3|MINPP1|MIR107|MIR146B|MIR1915|MIR1915HG|MIR346|MKI67|MKX|MLLT10|MMP21|MMRN2|MMS19|MORN4|MPP7|MRPL43|MRPS16|MSMB|MSRB2|MSS51|MTG1|MTPAP|MTRNR2L5|MTRNR2L7|MXI1|MYO3A|MYOF|MYOZ1|MYPN|NANOS1|NCOA4|NDST2|NDUFB8|NEBL|NEURL1|NEUROG3|NFKB2|NHLRC2|NKX1-2|NKX2-3|NKX6-2|NMT2|NOC3L|NODAL|NOLC1|NPFFR1|NPM3|NPS|NPY4R|NRAP|NRBF2|NRG3|NRP1|NSMCE4A|NSUN6|NT5C2|NUDT13|NUDT5|NUTM2A|NUTM2B|OAT|ODAD2|OGA|OGDHL|OIT3|OLAH|OPALIN|OPN4|OPTN|OR13A1|OTUD1|P4HA1|PALD1|PANK1|PAOX|PAPSS2|PARD3|PARG|PAX2|PBLD|PCBD1|PCDH15|PCGF5|PCGF6|PDCD11|PDCD4|PDE6C|PDLIM1|PDSS1|PDZD7|PDZD8|PGAM1|PGBD3|PHYH|PHYHIPL|PI4K2A|PIK3AP1|PIP4K2A|PITX3|PKD2L1|PLA2G12B|PLAC9|PLAU|PLCE1|PLEKHA1|PLEKHS1|PLPP4|PLXDC2|PNLIP|PNLIPRP1|PNLIPRP2|PNLIPRP3|POFUT4|POLL|POLR3A|PPA1|PPIF|PPP1R3C|PPP2R2D|PPP3CB|PPRC1|PRAP1|PRDX3|PRF1|PRINS|PRKG1|PRLHR|PROSER2|PRPF18|PRTFDC1|PRXL2A|PSAP|PSD|PSTK|PTCHD3|PTEN|PTER|PTF1A|PTPN20|PTPRE|PWWP2B|PYROXD2|R3HCC1L|RAB11FIP2|RAB18|RASGEF1A|RASSF4|RBM20|RBP3|RBP4|REEP3|RET|RGR|RGS10|RHOBTB1|RNLS|RPP30|RPP38|RPP38-DT|RPS24|RRP12|RSU1|RTKN2|RUFY2|SAMD8|SAR1A|SCD|SEC23IP|SEC24C|SEC31B|SEC61A2|SEMA4G|SEPHS1|SFR1|SFRP5|SFTPA1|SFTPA2|SFTPD|SFXN2|SFXN3|SFXN4|SGMS1|SGPL1|SH2D4B|SH3PXD2A|SHLD2|SHOC2|SHTN1|SIRT1|SKIDA1|SLC29A3|SLC16A12|SLC16A9|SLC18A2|SLC18A3|SLC25A16|SLC25A28|SLC35G1|SLC39A12|SLC68A1|SLF2|SLIT1|SLK|SMC3|SMNDC1|SNCG|SNORA12|SORBS1|SORCS1|SORCS3|SPAG6|SPMIP5|SPOCK2|SPRN|SRGN|ST8SIA6|STAM|STAMBPL1|STK32C|STN1|STOX1|SUFU|SUPV3L1|SUV39H2|SVIL|SYCE1|SYNPO2L|SYT15|TACC2|TACR2|TAF5|TBATA|TBC1D12|TCERG1L|TCERG1L-AS1|TCF7L2|TCTN3|TDRD1|TECTB|TET1|TEX36|TFAM|THNSL1|TIAL1|TIMM23|TLL2|TLX1|TLX1NB|TM9SF3|TMEM254|TMEM26|TMEM273|TMEM72|TNKS2|TRDMT1|TRIM8|TRUB1|TSPAN14|TSPAN15|TUBGCP2|TWNK|TYSND1|UBE2D1|UBTD1|UCMA|UNC5B|UPF2|UROS|USP54|USP6NL|UTF1|VAX1|VCL|VDAC2|VENTX|VIM|VPS26A|VSIR|VSTM4|VTI1A|VWA2|WAC|WAPL|WASHC2A|WASHC2C|WBP1L|WDFY4|WDR11|WNT8B|XPNPEP1|YME1L1|ZCCHC24|ZDHHC16|ZDHHC6|ZEB1|ZFAND4|ZFYVE27|ZMIZ1|ZNF22|ZNF22-AS1|ZNF239|ZNF248|ZNF25|ZNF32|ZNF33A|ZNF33B|ZNF365|ZNF37A|ZNF438|ZNF485|ZNF488|ZNF503|ZNF511|ZNF518A|ZRANB1|ZSWIM8|ZWINT		Distal trisomy 10q	VCV002574696	10	11138692 - 135427143			2574696	2739632			copy number gain		Pathogenic		no assertion criteria provided							
GRCh37/hg19 10p13-q26.3(chr10:12829206-135427143)	PRXL2A|PPP2R2D|PPP3CB|PPRC1|PRAP1|PRDX3|PRF1|PRINS|PRKG1|PRLHR|PRPF18|PRTFDC1|PSAP|PSD|PSTK|PTCHD3|PTEN|PTER|PTF1A|PTPN20|PTPRE|PWWP2B|PYROXD2|R3HCC1L|RAB11FIP2|RAB18|RASGEF1A|RASSF4|RBM20|RBP3|RBP4|REEP3|RET|RGR|RGS10|RHOBTB1|RNLS|RPP30|RPP38|RPP38-DT|RPS24|RRP12|RSU1|RTKN2|RUFY2|SAMD8|SAR1A|SCD|SEC23IP|SEC24C|SEC31B|SEMA4G|SEPHS1|SFR1|SFRP5|SFTPA1|SFTPA2|SFTPD|SFXN2|SFXN3|SFXN4|SGMS1|SGPL1|SH2D4B|SH3PXD2A|SHLD2|SHOC2|SHTN1|SIRT1|SKIDA1|SLC16A12|SLC16A9|SLC18A2|SLC18A3|SLC25A16|SLC25A28|SLC29A3|SLC35G1|SLC39A12|SLC68A1|SLF2|SLIT1|SLK|SMC3|SMNDC1|SNCG|SNORA12|SORBS1|SORCS1|SORCS3|SPAG6|SPMIP5|SPOCK2|SPRN|SRGN|ST8SIA6|STAM|STAMBPL1|STK32C|STN1|STOX1|SUFU|SUPV3L1|SUV39H2|SVIL|SYCE1|SYNPO2L|SYT15|TACC2|TACR2|TAF5|TBATA|TBC1D12|TCERG1L|TCERG1L-AS1|TCF7L2|TCTN3|TDRD1|TECTB|TET1|TEX36|TFAM|THNSL1|TIAL1|TIMM23|TLL2|TLX1|TLX1NB|TM9SF3|TMEM254|TMEM26|TMEM273|TMEM72|TNKS2|TRDMT1|TRIM8|TRUB1|TSPAN14|TSPAN15|TUBGCP2|TWNK|TYSND1|UBE2D1|UBTD1|UCMA|UNC5B|UROS|USP54|UTF1|VAX1|VCL|VDAC2|VENTX|VIM|VPS26A|VSIR|VSTM4|VTI1A|VWA2|WAC|WAPL|WASHC2A|WASHC2C|WBP1L|WDFY4|WDR11|WNT8B|XPNPEP1|YME1L1|ZCCHC24|ZDHHC16|ZDHHC6|ZEB1|ZFAND4|ZFYVE27|ZMIZ1|ZNF22|ZNF22-AS1|ZNF239|ZNF248|ZNF25|ZNF32|ZNF33A|ZNF33B|ZNF365|ZNF37A|ZNF438|ZNF485|ZNF488|ZNF503|ZNF511|ZNF518A|ZRANB1|ZSWIM8|ZWINT|A1CF|ABCC2|ABI1|ABLIM1|ABRAXAS2|ACADSB|ACBD5|ACBD7|ACSL5|ACSM6|ACTA2|ACTR1A|ADAM12|ADAM8|ADAMTS14|ADD3|ADGRA1|ADIRF|ADIRF-AS1|ADK|ADO|ADRA2A|ADRB1|AFAP1L2|AGAP10|AGAP11|AGAP4|AGAP5|AGAP6|AGAP9|AIFM2|ALDH18A1|ALOX5|ANAPC16|ANK3|ANKRD1|ANKRD2|ANKRD22|ANKRD26|ANKRD30A|ANXA11|ANXA7|ANXA8|ANXA8L1|AP3M1|APBB1IP|ARHGAP12|ARHGAP19|ARHGAP21|ARHGAP22|ARID5B|ARL3|ARL5B|ARMC3|ARMH3|ARMS2|AS3MT|ASAH2|ASAH2B|ASCC1|ATAD1|ATE1|ATOH7|ATP5MK|ATRNL1|AVPI1|BAG3|BAMBI|BBIP1|BCCIP|BEND7|BICC1|BLNK|BLOC1S2|BMI1|BMPR1A|BMS1|BNIP3|BORCS7|BTAF1|BTBD16|BTRC|BUB3|C10orf105|C10orf113|C10orf12|C10orf120|C10orf126|C10orf131|C10orf53|C10orf55|C10orf62|C10orf67|C10orf71|C10orf88|C10orf90|C10orf95|C1QL3|CABCOCO1|CACNB2|CACUL1|CALHM1|CALHM2|CALHM3|CALY|CAMK1D|CAMK2G|CASC2|CASP7|CC2D2B|CCAR1|CCDC172|CCDC186|CCDC3|CCDC6|CCDC7|CCNJ|CCNY|CCSER2|CDH23|CFAP58|CDHR1|CDK1|CDNF|CEP55|CFAP43|CFAP46|CFAP70|CH25H|CHAT|CHCHD1|CHST15|CHST3|CHUK|CISD1|CLRN3|CNNM1|CNNM2|COL13A1|COL17A1|COMMD3|COMMD3-BMI1|COMTD1|COX15|CPEB3|CPN1|CPXM2|CREM|CRTAC1|CSGALNACT2|CSTF2T|CTBP2|CTNNA3|CUBN|CUEDC2|CUL2|CUTC|CUZD1|CWF19L1|CXCL12|CYP17A1|CYP26A1|CYP26C1|CYP2C18|CYP2C19|CYP2C8|CYP2C9|CYP2E1|DCLRE1A|DCLRE1C|DDIT4|DDX21|DDX50|DENND10|DEPP1|DHX32|DKK1|DLG5|DMBT1|DNA2|DNAJB12|DNAJC1|DNAJC12|DNAJC9|DNMBP|DNTT|DOCK1|DPCD|DPYSL4|DRGX|DUSP13B|DUSP29|DUSP5|DYDC1|DYDC2|EBF3|EBLN1|ECD|ECHS1|EDRF1|EEF1AKMT2|EGR2|EIF3A|EIF4EBP2|EIF5AL1|ELOVL3|EMX2|EMX2OS|ENKUR|ENO4|ENTPD1|ENTPD7|EPC1|ERCC6|ERLIN1|EXOC6|EXOSC1|FAM107B|FAM13C|FAM149B1|FAM170B|FAM171A1|FAM204A|FAM241B|FAM24A|FAM24B|FAM25A|FAM25C|FAM25E|FAM25G|FAM53B|FANK1|FAS|FAS-AS1|FBXL15|FBXW4|FFAR4|FGF8|FGFBP3|FGFR2|FHIP2A|FOXI2|FRA10AC1|FRAT1|FRAT2|FRMD4A|FRMPD2|FUOM|FXYD4|FZD8|GAD2|GBF1|GDF10|GDF2|GFRA1|GHITM|GJD4|GLRX3|GLUD1|GOLGA7B|GOT1|GPAM|GPR158|GPR15LG|GPR26|GPRIN2|GRID1|GRK5|GSTO1|GSTO2|HABP2|HACD1|HECTD2|HELLS|HERC4|HHEX|HIF1AN|HK1|HKDC1|HMX2|HMX3|HNRNPF|HNRNPH3|HOGA1|HPS1|HPS6|HPSE2|HSPA12A|HSPA14|HTR7|HTRA1|IDE|IFIT1|IFIT1B|IFIT2|IFIT3|IFIT5|IKZF5|INA|INPP5A|INPP5F|INSYN2A|IPMK|ITGA8|ITGB1|ITPRIP|JAKMIP3|JCAD|JMJD1C|KAT6B|KAZALD1|KCNIP2|KCNK18|KCNMA1|KIAA1217|KIF11|KIF20B|KIF5B|KIFBP|KLLN|KNDC1|LBX1|LCOR|LDB1|LDB3|LGI1|LHPP|LINC01166|LINC01520|LINC02870|LIPA|LIPF|LIPJ|LIPK|LIPM|LIPN|LOC101929662|LOXL4|LRIT1|LRIT2|LRMDA|LRRC18|LRRC20|LRRC27|LRRTM3|LYZL1|LYZL2|LZTS2|MACROH2A2|MAP3K8|MAPK8|MARCHF5|MARCHF8|MARVELD1|MASTL|MAT1A|MBL2|MCM10|MCMBP|MCU|MEIG1|MGMT|MICU1|MINDY3|MINPP1|MIR107|MIR146B|MIR1915|MIR1915HG|MIR346|MKI67|MKX|MLLT10|MMP21|MMRN2|MMS19|MORN4|MPP7|MRPL43|MRPS16|MSMB|MSRB2|MSS51|MTG1|MTPAP|MTRNR2L5|MTRNR2L7|MXI1|MYO3A|MYOF|MYOZ1|MYPN|NANOS1|NCOA4|NDST2|NDUFB8|NEBL|NEURL1|NEUROG3|NFKB2|NHLRC2|NKX1-2|NKX2-3|NKX6-2|NMT2|NOC3L|NODAL|NOLC1|NPFFR1|NPM3|NPS|NPY4R|NRAP|NRBF2|NRG3|NRP1|NSMCE4A|NSUN6|NT5C2|NUDT13|NUTM2A|NUTM2B|OAT|ODAD2|OGA|OGDHL|OIT3|OLAH|OPALIN|OPN4|OPTN|OR13A1|OTUD1|P4HA1|PALD1|PANK1|PAOX|PAPSS2|PARD3|PARG|PAX2|PBLD|PCBD1|PCDH15|PCGF5|PCGF6|PDCD11|PDCD4|PDE6C|PDLIM1|PDSS1|PDZD7|PDZD8|PGAM1|PGBD3|PHYH|PHYHIPL|PI4K2A|PIK3AP1|PIP4K2A|PITX3|PKD2L1|PLA2G12B|PLAC9|PLAU|PLCE1|PLEKHA1|PLEKHS1|PLPP4|PLXDC2|PNLIP|PNLIPRP1|PNLIPRP2|PNLIPRP3|POFUT4|POLL|POLR3A|PPA1|PPIF|PPP1R3C		Distal 10q deletion syndrome	VCV002574686	10	12829206 - 135427143			2574686	2739622			copy number loss		Pathogenic		no assertion criteria provided							
GRCh37/hg19 10q23.32-24.1(chr10:93281410-97596360)x1	ALDH18A1|ACSM6|BTAF1|CEP55|CPEB3|CYP26A1|CYP26C1|CYP2C18|CYP2C19|CYP2C8|CYP2C9|ENTPD1|EXOC6|FFAR4|FGFBP3|FRA10AC1|HECTD2|HELLS|HHEX|IDE|KIF11|LGI1|MARCHF5|MYOF|NOC3L|PDE6C|PDLIM1|PLCE1|PPP1R3C|RBP4|SLC35G1|SORBS1|TBC1D12|TCTN3|TNKS2		See cases	VCV002446762	10	93249133 - 97616970			2446762	2421887			copy number loss		Pathogenic	Nov 8, 2022	no assertion criteria provided							
GRCh37/hg19 10q23.33-24.1(chr10:96155285-97224160)x3	ACSM6|CYP2C18|CYP2C19|CYP2C8|CYP2C9|HELLS|PDLIM1|SORBS1|TBC1D12		not provided	VCV001808831	10	96155285 - 97224160			1808831	1865835			copy number gain		Uncertain significance	Jun 13, 2021	criteria provided, single submitter							
GRCh37/hg19 10q23.31-24.1(chr10:92667881-98970384)x1	ACSM6|ALDH18A1|ANKRD1|BLNK|BTAF1|C10orf12|C10orf131|CC2D2B|CCNJ|CEP55|CPEB3|CYP26A1|CYP26C1|CYP2C18|CYP2C19|CYP2C8|CYP2C9|DNTT|ENTPD1|EXOC6|FFAR4|FGFBP3|FRA10AC1|HECTD2|HELLS|HHEX|IDE|KIF11|LCOR|LGI1|MARCHF5|MYOF|NOC3L|OPALIN|PCGF5|PDE6C|PDLIM1|PIK3AP1|PLCE1|PPP1R3C|RBP4|RPP30|SLC35G1|SLIT1|SORBS1|TBC1D12|TCTN3|TLL2|TM9SF3|TNKS2|ZNF518A		not specified	VCV001527596	10	92667881 - 98970384			1527596	1519085			copy number loss		Pathogenic	Mar 1, 2022	criteria provided, single submitter							
GRCh37/hg19 10q23.33-24.1(chr10:96136737-97224160)x3	ACSM6|CYP2C18|CYP2C19|CYP2C8|CYP2C9|HELLS|PDLIM1|SORBS1|TBC1D12		not provided	VCV001341260	10	96136737 - 97224160			1341260	1332468			copy number gain		Uncertain significance	May 1, 2021	no assertion criteria provided							
GRCh37/hg19 10q23.33-24.1(chr10:96140621-97222801)x3	CYP2C8|CYP2C18|CYP2C19|ACSM6|HELLS|CYP2C9|TBC1D12|PDLIM1|SORBS1		not provided	VCV000979283	10	96140621 - 97222801			979283	967361			copy number gain		Uncertain significance	May 1, 2021	no assertion criteria provided							
GRCh37/hg19 10q23.33-24.1(chr10:96711444-97306336)x3	ACSM6|CYP2C8|CYP2C9|PDLIM1|SORBS1		not provided	VCV000688770	10	96711444 - 97306336			688770	676362			copy number gain		Uncertain significance	Oct 26, 2017	no assertion criteria provided							
GRCh37/hg19 10q23.33-24.1(chr10:94393383-97219175)	ACSM6|CEP55|CYP26A1|CYP26C1|CYP2C18|CYP2C19|CYP2C8|CYP2C9|EXOC6|FFAR4|FRA10AC1|HELLS|HHEX|KIF11|LGI1|MYOF|NOC3L|PDE6C|PDLIM1|PLCE1|RBP4|SLC35G1|SORBS1|TBC1D12		not provided	VCV000625558	10	94393383 - 97219175			625558	613862			copy number loss		Likely pathogenic	Nov 1, 2018	criteria provided, single submitter							
GRCh37/hg19 10q23.33-26.3(chr10:94346520-135427143)x3	ABCC2|ABLIM1|ABRAXAS2|ACADSB|ACSL5|ACSM6|ACTR1A|ADAM12|ADAM8|ADD3|ADGRA1|ADRA2A|ADRB1|AFAP1L2|ALDH18A1|ANKRD2|ARHGAP19|ARL3|ARMH3|ARMS2|AS3MT|ATE1|ATP5MK|ATRNL1|AVPI1|BAG3|BBIP1|BCCIP|BLNK|BLOC1S2|BNIP3|BORCS7|BTBD16|BTRC|BUB3|C10orf12|C10orf120|C10orf131|C10orf62|C10orf88|C10orf90|C10orf95|CACUL1|CALHM1|CALHM2|CALHM3|CALY|CASC2|CASP7|CC2D2B|CCDC172|CCDC186|CCNJ|CEP55|CFAP43|CFAP46|CFAP58|CHST15|CHUK|CLRN3|CNNM1|CNNM2|COL17A1|COX15|CPN1|CPXM2|CRTAC1|CTBP2|CUEDC2|CUTC|CUZD1|CWF19L1|CYP17A1|CYP26A1|CYP26C1|CYP2C18|CYP2C19|CYP2C8|CYP2C9|CYP2E1|DCLRE1A|DENND10|DHX32|DMBT1|DNMBP|DNTT|DOCK1|DPCD|DPYSL4|DUSP5|EBF3|ECHS1|EDRF1|EEF1AKMT2|EIF3A|ELOVL3|EMX2|EMX2OS|ENO4|ENTPD1|ENTPD7|ERLIN1|EXOC6|EXOSC1|FAM204A|FAM24A|FAM24B|FAM53B|FANK1|FBXL15|FBXW4|FFAR4|FGF8|FGFR2|FHIP2A|FOXI2|FRA10AC1|FRAT1|FRAT2|FUOM|GBF1|GFRA1|GLRX3|GOLGA7B|GOT1|GPAM|GPR26|GRK5|GSTO1|GSTO2|HABP2|HELLS|HHEX|HIF1AN|HMX2|HMX3|HOGA1|HPS1|HPS6|HPSE2|HSPA12A|HTRA1|IKZF5|INA|INPP5A|INPP5F|INSYN2A|ITPRIP|JAKMIP3|KAZALD1|KCNIP2|KCNK18|KIF11|KNDC1|LBX1|LCOR|LDB1|LGI1|LHPP|LINC01166|LINC02870|LOXL4|LRRC27|LZTS2|MARVELD1|MCMBP|MGMT|MIR146B|MKI67|MMP21|MMS19|MORN4|MRPL43|MTG1|MXI1|MYOF|NANOS1|NDUFB8|NEURL1|NFKB2|NHLRC2|NKX1-2|NKX2-3|NKX6-2|NOC3L|NOLC1|NPM3|NPS|NRAP|NSMCE4A|NT5C2|OAT|OGA|OPALIN|PAOX|PAX2|PCGF6|PDCD11|PDCD4|PDE6C|PDLIM1|PDZD7|PDZD8|PGAM1|PI4K2A|PIK3AP1|PITX3|PKD2L1|PLCE1|PLEKHA1|PLEKHS1|PLPP4|PNLIP|PNLIPRP1|PNLIPRP2|PNLIPRP3|POLL|PPP2R2D|PPRC1|PRAP1|PRDX3|PRLHR|PSD|PSTK|PTPRE|PWWP2B|PYROXD2|R3HCC1L|RAB11FIP2|RBM20|RBP4|RGS10|RRP12|SCD|SEC23IP|SEC31B|SEMA4G|SFR1|SFRP5|SFXN2|SFXN3|SFXN4|SH3PXD2A|SHOC2|SHTN1|SLC18A2|SLC25A28|SLC35G1|SLC68A1|SLF2|SLIT1|SLK|SMC3|SMNDC1|SNORA12|SORBS1|SORCS1|SORCS3|SPMIP5|SPRN|STK32C|STN1|SUFU|SYCE1|TACC2|TAF5|TBC1D12|TCERG1L|TCERG1L-AS1|TCF7L2|TCTN3|TDRD1|TECTB|TEX36|TIAL1|TLL2|TLX1|TLX1NB|TM9SF3|TRIM8|TRUB1|TUBGCP2|TWNK|UBTD1|UROS|UTF1|VAX1|VENTX|VTI1A|VWA2|WBP1L|WDR11|WNT8B|XPNPEP1|ZDHHC16|ZDHHC6|ZFYVE27|ZNF511|ZNF518A|ZRANB1		not provided	VCV000563802	10	94346520 - 135427143			563802	554986			copy number gain		Pathogenic	Jul 8, 2017	no assertion criteria provided							
GRCh37/hg19 10q23.33(chr10:96575687-96711450)x3	CYP2C19|CYP2C9		not provided	VCV000547146	10	96575687 - 96711450			547146	537635			copy number gain		Likely benign	Nov 2, 2017	criteria provided, single submitter							
GRCh37/hg19 10q11.21-26.3(chr10:42347406-135534747)x1	C10orf53|CALHM2|CCDC6|COL17A1|DDIT4|DNAJB12|DUSP29|DUSP5|DYDC1|FAM25E|FAM25G|GDF10|HTRA1|IPMK|ITPRIP|LRIT1|LRIT2|MAT1A|MBL2|MMP21|MMRN2|MXI1|NEURL1|NEUROG3|NRAP|OPN4|OR13A1|PDCD11|PLA2G12B|PLAC9|PNLIPRP1|PNLIPRP2|PNLIPRP3|PRKG1|PRLHR|RBM20|SFR1|SGMS1|SLC68A1|SPOCK2|SPRN|SPMIP5|SLIT1|SLK|STK32C|STN1|SRGN|STAMBPL1|SGPL1|SH2D4B|SH3PXD2A|SLC29A3|SLC35G1|SHLD2|SLC18A2|SLC18A3|SLC25A16|SLC25A28|SLF2|SORCS3|SFRP5|SFXN3|SFXN4|RPP30|SCD|SEC23IP|SEC24C|SEC31B|SFTPA1|SFTPA2|SEMA4G|SFTPD|PRXL2A|RASGEF1A|RASSF4|PSAP|PRDX3|PRF1|PSD|PSTK|R3HCC1L|RAB11FIP2|SFXN2|RGS10|RHOBTB1|RNLS|PLCE1|PLEKHA1|PLEKHS1|PLPP4|PNLIP|POFUT4|PPP3CB|PPRC1|PDCD4|PHYHIPL|PIK3AP1|PITX3|PCGF6|PI4K2A|PKD2L1|PRAP1|NRBF2|PLAU|OIT3|NUTM2B|OAT|OGA|OGDHL|OPALIN|P4HA1|PALD1|PANK1|PAOX|PAPSS2|NFKB2|NHLRC2|MYPN|NANOS1|NCOA4|NDST2|NKX1-2|NKX2-3|NKX6-2|NOC3L|MMS19|MSMB|MORN4|MRPL43|MRPS16|MSS51|MTG1|MTRNR2L5|PARG|MYOF|MYOZ1|MCMBP|MCU|MIR146B|MIR346|MKI67|NDUFB8|MGMT|MICU1|MINPP1|MIR107|LRMDA|LRRC18|LZTS2|LINC01166|LOC101929662|LOXL4|FAM53B|MACROH2A2|GOT1|GPAM|MAPK8|MARCHF5|COMTD1|COX15|IDE|IFIT1|IFIT1B|DDX21|DDX50|MARCHF8|MARVELD1|DNAJC12|C10orf55|C10orf62|JAKMIP3|JMJD1C|CALHM3|DYDC2|CCNJ|CCSER2|IFIT5|C10orf71|CALY|CAMK2G|CFAP46|CPEB3|DENND10|DNAJC9|DNMBP|ERLIN1|EXOC6|EXOSC1|FANK1|FAS|GPR15LG|GPR26|IFIT2|IFIT3|INPP5A|INPP5F|LHPP|LINC01520|HELLS|HERC4|HKDC1|HMX2|HMX3|LINC02870|GPRIN2|IKZF5|INA|FRAT1|FRAT2|FRG2B|FRMPD2|INSYN2A|HHEX|HIF1AN|HK1|HNRNPF|HNRNPH3|HOGA1|FAM170B|FAM204A|FAM241B|FAM24A|FAM24B|FAM25A|FAM25C|FAS-AS1|FBXL15|FUOM|FXYD4|GBF1|DRGX|DNTT|DOCK1|DUSP13B|FOXI2|FRA10AC1|FAM149B1|DHX32|DMBT1|DNA2|DEPP1|FAM13C|DPCD|CYP2C8|CYP2C9|DKK1|DLG5|DPYSL4|CYP2E1|DCLRE1A|CLRN3|CNNM1|CNNM2|COL13A1|CYP17A1|CYP2C18|CYP2C19|CCAR1|CCDC172|CASC2|CCDC186|CYP26A1|CYP26C1|CH25H|CACUL1|CALHM1|CFAP58|CFAP70|C10orf88|CASP7|BTAF1|BTBD16|CC2D2B|C10orf90|C10orf95|LRRC20|LRRC27|LRRTM3|BORCS7|CABCOCO1|BCCIP|BICC1|BLNK|BLOC1S2|BMPR1A|BMS1|BNIP3|BTRC|BUB3|C10orf105|C10orf12|C10orf120|C10orf131|CDH23|CDHR1|CDK1|CEP55|CFAP43|CHAT|CHCHD1|CHST15|CHST3|CHUK|CISD1|CPN1|CPXM2|CRTAC1|CSGALNACT2|CSTF2T|CTBP2|CTNNA3|CUEDC2|CUTC|CUZD1|CWF19L1|CXCL12|EBF3|ECD|ECHS1|EDRF1|EEF1AKMT2|EGR2|EIF3A|EIF4EBP2|EIF5AL1|ELOVL3|EMX2|EMX2OS|ENO4|ENTPD1|ENTPD7|ERCC6|FBXW4|FFAR4|FGF8|FGFBP3|FGFR2|FHIP2A|GDF2|GFRA1|GHITM|GLRX3|GLUD1|GOLGA7B|GRID1|GRK5|GSTO1|GSTO2|HABP2|HECTD2|HPS1|HPS6|HPSE2|HSPA12A|HTR7|KAT6B|KAZALD1|KCNIP2|KCNK18|KCNMA1|KIF11|KIF20B|KIFBP|KLLN|KNDC1|LBX1|LCOR|LDB1|LDB3|LGI1|LIPA|LIPF|LIPJ|LIPK|LIPM|LIPN|NODAL|NOLC1|NPFFR1|NPM3|NPS|NPY4R|NRG3|NSMCE4A|NT5C2|NUDT13|NUTM2A|PAX2|PBLD|PCBD1|PCDH15|PCGF5|PDE6C|PDLIM1|PDZD7|PDZD8|PGAM1|PGBD3|POLL|POLR3A|PPA1|PPIF|PPP1R3C|PPP2R2D|PTEN|PTPN20|PTPRE|PWWP2B|PYROXD2|RBP3|RBP4|REEP3|RET|RGR|RPS24|RRP12|RTKN2|RUFY2|SAMD8|SAR1A|SHOC2|SHTN1|SIRT1|SLC16A12|SLC16A9|SMC3|SMNDC1|SNCG|SNORA12|SORBS1|SORCS1|STOX1|SUFU|SUPV3L1|SYCE1|SYNPO2L|SYT15|TACC2|TACR2|TAF5|TBATA|TBC1D12|TCERG1L|TCERG1L-AS1|TCF7L2|TCTN3|TDRD1|TECTB|TET1|TEX36|TFAM|TIAL1|TIMM23|TLL2|TLX1|TLX1NB|TM9SF3|TMEM254|TMEM26|TMEM273|TMEM72|TNKS2|TRIM8|TRUB1|TSPAN14|TSPAN15|TUBGCP2|TWNK|TYSND1|UBE2D1|UBTD1|UNC5B|UROS|USP54|UTF1|VAX1|VCL|VDAC2|VENTX|VPS26A|VSIR|VSTM4|VTI1A|VWA2|WAPL|WASHC2A|WASHC2C|WBP1L|WDFY4|WDR11|WNT8B|XPNPEP1|ZCCHC24|ZDHHC16|ZDHHC6|ZFAND4|ZFYVE27|ZMIZ1|ZNF22|ZNF22-AS1|ZNF239|ZNF32|ZNF33B|ZNF365|ZNF485|ZNF488|ZNF503|ZNF511|ZNF518A|ZRANB1|ZSWIM8|ZWINT|A1CF|ABCC2|ABLIM1|ABRAXAS2|ACADSB|ACSL5|ACSM6|ACTA2|ACTR1A|ADAM12|ADAM8|ADAMTS14|ADD3|ADGRA1|ADIRF|ADIRF-AS1|ADK|ADO|ADRA2A|ADRB1|AFAP1L2|AGAP10|AGAP11|AGAP4|AGAP5|AGAP6|AGAP9|AIFM2|ALDH18A1|ALOX5|ANAPC16|ANK3|ANKRD1|ANKRD2|ANKRD22|ANXA11|ANXA7|ANXA8|ANXA8L1|AP3M1|ARHGAP19|ARHGAP22|ARID5B|ARL3|ARMH3|ARMS2|AS3MT|ASAH2|ASAH2B|ASCC1|ATAD1|ATE1|ATOH7|ATP5MK|ATRNL1|AVPI1|BAG3|BBIP1		Poly (ADP-Ribose) polymerase inhibitor response	VCV000523165	10	42347406 - 135534747			523165	513797			copy number loss		drug response	Nov 27, 2017	no assertion criteria provided							
GRCh37/hg19 10q23.32-26.3(chr10:93283493-135427143)x3	VWA2|WBP1L|WDR11|WNT8B|XPNPEP1|ZDHHC16|ZDHHC6|ZFYVE27|ZNF511|ZNF518A|ZRANB1|ABCC2|ABLIM1|ABRAXAS2|ACADSB|ACSL5|ACSM6|ACTR1A|ADAM12|ADAM8|ADD3|ADGRA1|ADRA2A|ADRB1|AFAP1L2|ALDH18A1|ANKRD2|ARHGAP19|ARL3|ARMH3|ARMS2|AS3MT|ATE1|ATP5MK|ATRNL1|AVPI1|BAG3|BBIP1|BCCIP|BLNK|BLOC1S2|BNIP3|BORCS7|BTAF1|BTBD16|BTRC|BUB3|C10orf12|C10orf120|C10orf131|C10orf62|C10orf88|C10orf90|C10orf95|CACUL1|CALHM1|CALHM2|CALHM3|CALY|CASC2|CASP7|CC2D2B|CCDC172|CCDC186|CCNJ|CEP55|CFAP43|CFAP46|CFAP58|CHST15|CHUK|CLRN3|CNNM1|CNNM2|COL17A1|COX15|CPEB3|CPN1|CPXM2|CRTAC1|CTBP2|CUEDC2|CUTC|CUZD1|CWF19L1|CYP17A1|CYP26A1|CYP26C1|CYP2C18|CYP2C19|CYP2C8|CYP2C9|CYP2E1|DCLRE1A|DENND10|DHX32|DMBT1|DNMBP|DNTT|DOCK1|DPCD|DPYSL4|DUSP5|EBF3|ECHS1|EDRF1|EEF1AKMT2|EIF3A|ELOVL3|EMX2|EMX2OS|ENO4|ENTPD1|ENTPD7|ERLIN1|EXOC6|EXOSC1|FAM204A|FAM24A|FAM24B|FAM53B|FANK1|FBXL15|FBXW4|FFAR4|FGF8|FGFBP3|FGFR2|FHIP2A|FOXI2|FRA10AC1|FRAT1|FRAT2|FUOM|GBF1|GFRA1|GLRX3|GOLGA7B|GOT1|GPAM|GPR26|GRK5|GSTO1|GSTO2|HABP2|HELLS|HHEX|HIF1AN|HMX2|HMX3|HOGA1|HPS1|HPS6|HPSE2|HSPA12A|HTRA1|IDE|IKZF5|INA|INPP5A|INPP5F|INSYN2A|ITPRIP|JAKMIP3|KAZALD1|KCNIP2|KCNK18|KIF11|KNDC1|LBX1|LCOR|LDB1|LGI1|LHPP|LINC01166|LINC02870|LOXL4|LRRC27|LZTS2|MARCHF5|MARVELD1|MCMBP|MGMT|MIR146B|MKI67|MMP21|MMS19|MORN4|MRPL43|MTG1|MXI1|MYOF|NANOS1|NDUFB8|NEURL1|NFKB2|NHLRC2|NKX1-2|NKX2-3|NKX6-2|NOC3L|NOLC1|NPM3|NPS|NRAP|NSMCE4A|NT5C2|OAT|OGA|OPALIN|PAOX|PAX2|PCGF6|PDCD11|PDCD4|PDE6C|PDLIM1|PDZD7|PDZD8|PGAM1|PI4K2A|PIK3AP1|PITX3|PKD2L1|PLCE1|PLEKHA1|PLEKHS1|PLPP4|PNLIP|PNLIPRP1|PNLIPRP2|PNLIPRP3|PRLHR|POLL|PPP1R3C|PPP2R2D|PPRC1|PRAP1|PRDX3|PSD|PSTK|PTPRE|PWWP2B|PYROXD2|R3HCC1L|RAB11FIP2|RBM20|RBP4|RGS10|RRP12|SCD|SEC23IP|SEC31B|SEMA4G|SFR1|SFRP5|SFXN2|SFXN3|SFXN4|SH3PXD2A|SHOC2|SHTN1|SLC18A2|SLC25A28|SLC35G1|SLC68A1|SLF2|SLIT1|SLK|SMC3|SMNDC1|SNORA12|SORBS1|SORCS1|SORCS3|SPMIP5|SPRN|STK32C|STN1|SUFU|SYCE1|TACC2|TAF5|TBC1D12|TCERG1L|TCERG1L-AS1|TCF7L2|TCTN3|TDRD1|TECTB|TEX36|TIAL1|TLL2|TLX1|TLX1NB|TM9SF3|TNKS2|TRIM8|TRUB1|TUBGCP2|TWNK|UBTD1|UROS|UTF1|VAX1|VENTX|VTI1A		See cases	VCV000443323	10	93283493 - 135427143			443323	436985			copy number gain		Pathogenic	Jun 23, 2014	no assertion criteria provided							
GRCh37/hg19 10p15.3-q26.3(chr10:100027-135427143)	TIAL1|TIMM23|TSPAN14|TSPAN15|VIM|XPNPEP1|ZNF33B|VPS26A|YME1L1|ZNF365|ZNF37A|TLL2|TUBAL3|TUBGCP2|TLX1|TWNK|TYSND1|VSIR|VSTM4|VTI1A|ZCCHC24|ZNF438|ZNF485|ZNF488|ZNF518A|ZRANB1|ZSWIM8|ZWINT|ZDHHC16|ZDHHC6|ZNF503|ZNF511|ZNF32|ZEB1|ZFAND4|ZFYVE27|ZMIZ1|ZNF33A|VAX1|VCL|UCN3|UNC5B|VDAC2|VENTX|VWA2|WAC|WDR37|WNT8B|TMEM254|TMEM26|TMEM273|WASHC2C|TMEM72|TNKS2|TLX1NB|TM9SF3|TRDMT1|TRIM8|TRUB1|WAPL|WASHC2A|WBP1L|WDFY4|WDR11|UBTD1|UCMA|THNSL1|UBE2D1|TECTB|TET1|TEX36|TFAM|UPF2|UROS|USP54|USP6NL|UTF1|ZMYND11|ZNF22|ZNF22-AS1|ZNF239|ZNF248|ZNF25|A1CF|ABCC2|ABI1|ABLIM1|ABRAXAS2|ACADSB|ACBD5|ACBD7|ACSL5|ACSM6|ACTA2|ACTR1A|ADAM12|ADAM8|ADAMTS14|ADARB2|ADD3|ADGRA1|ADIRF|ADIRF-AS1|ADK|ADO|ADRA2A|ADRB1|AFAP1L2|AGAP10|AGAP11|AGAP4|AGAP5|AGAP6|AGAP9|AIFM2|AKR1C1|AKR1C2|AKR1C3|AKR1C4|AKR1E2|ALDH18A1|ALOX5|ANAPC16|ANK3|ANKRD1|ANKRD16|ANKRD2|ANKRD22|ANKRD26|ANKRD30A|ANXA11|ANXA7|ANXA8|ANXA8L1|AP3M1|APBB1IP|ARHGAP12|ARHGAP19|ARHGAP21|ARHGAP22|ARID5B|ARL3|ARL5B|ARMC3|ARMH3|ARMS2|AS3MT|ASAH2|ASAH2B|ASB13|ASCC1|ATAD1|ATE1|ATOH7|ATP5F1C|ATP5MK|ATRNL1|AVPI1|BAG3|BAMBI|BBIP1|BCCIP|BEND7|BICC1|BLNK|BLOC1S2|BMI1|BMPR1A|BMS1|BNIP3|BORCS7|BTAF1|BTBD16|BTRC|BUB3|C10orf105|C10orf113|C10orf12|C10orf120|C10orf126|C10orf131|C10orf53|C10orf55|C10orf62|C10orf67|C10orf71|C10orf88|C10orf90|C10orf95|C1QL3|CABCOCO1|CACNB2|CACUL1|CALHM1|CALHM2|CALHM3|CALML3|CALML3-AS1|CALML5|CALY|CAMK1D|CAMK2G|CASC2|CASP7|CC2D2B|CCAR1|CCDC172|CCDC186|CCDC3|CCDC6|CCDC7|CCNJ|CCNY|CCSER2|CDC123|CDH23|CDHR1|CDK1|CDNF|CELF2|CEP55|CFAP43|CFAP46|CFAP58|CFAP70|CH25H|CHAT|CHCHD1|CHST15|CHST3|CHUK|CISD1|CLRN3|CNNM1|CNNM2|COL13A1|COL17A1|COMMD3|COMMD3-BMI1|COMTD1|COX15|CPEB3|CPN1|CPXM2|CREM|CRTAC1|CSGALNACT2|CSTF2T|CTBP2|CTNNA3|CUBN|CUEDC2|CUL2|CUTC|CUZD1|CWF19L1|CXCL12|CYP17A1|CYP26A1|CYP26C1|CYP2C18|CYP2C19|CYP2C8|CYP2C9|CYP2E1|DCLRE1A|DCLRE1C|DDIT4|DDX21|DDX50|DENND10|DEPP1|DHTKD1|DHX32|DIP2C|DKK1|DLG5|DMBT1|DNA2|DNAJB12|DNAJC1|DNAJC12|DNAJC9|DNMBP|DNTT|DOCK1|DPCD|DPYSL4|DRGX|DUSP13B|DUSP29|DUSP5|DYDC1|DYDC2|EBF3|EBLN1|ECD|ECHDC3|ECHS1|EDRF1|EEF1AKMT2|EGR2|EIF3A|EIF4EBP2|EIF5AL1|ELOVL3|EMX2|EMX2OS|ENKUR|ENO4|ENTPD1|ENTPD7|EPC1|ERCC6|ERLIN1|EXOC6|EXOSC1|FAM107B|FAM13C|FAM149B1|FAM170B|FAM171A1|FAM204A|FAM241B|FAM24A|FAM24B|FAM25A|FAM25C|FAM25E|FAM25G|FAM53B|FANK1|FAS|FAS-AS1|FBH1|FBXL15|FBXW4|FFAR4|FGF8|FGFBP3|FGFR2|FHIP2A|FOXI2|FRA10AC1|FRAT1|FRAT2|FRMD4A|FRMPD2|FUOM|FXYD4|FZD8|GAD2|GATA3|GBF1|GDF10|GDF2|GDI2|GFRA1|GHITM|GJD4|GLRX3|GLUD1|GOLGA7B|GOT1|GPAM|GPR158|GPR15LG|GPR26|GPRIN2|GRID1|GRK5|GSTO1|GSTO2|GTPBP4|HABP2|HACD1|HECTD2|HELLS|HERC4|HHEX|HIF1AN|HK1|HKDC1|HMX2|HMX3|HNRNPF|HNRNPH3|HOGA1|HPS1|HPS6|HPSE2|HSPA12A|HSPA14|HTR7|HTRA1|IDE|IDI1|IDI2|IFIT1|IFIT1B|IFIT2|IFIT3|IFIT5|IKZF5|IL15RA|IL2RA|INA|INPP5A|INPP5F|INSYN2A|IPMK|ITGA8|ITGB1|ITIH2|ITIH5|ITPRIP|JAKMIP3|JCAD|JMJD1C|KAT6B|KAZALD1|KCNIP2|KCNK18|KCNMA1|KIAA1217|KIF11|KIF20B|KIF5B|KIFBP|KIN|KLF6|KLLN|KNDC1|LARP4B|LBX1|LCOR|LDB1|LDB3|LGI1|LHPP|LINC01166|LINC01520|LINC02870|LIPA|LIPF|LIPJ|LIPK|LIPM|LIPN|LOC101929662|LOXL4|LRIT1|LRIT2|LRMDA|LRRC18|LRRC20|LRRC27|LRRTM3|LYZL1|LYZL2|LZTS2|MACROH2A2|MAP3K8|MAPK8|MARCHF5|MARCHF8|MARVELD1|MASTL|MAT1A|MBL2|MCM10|MCMBP|MCU|MEIG1|MGMT|MICU1|MINDY3|MINPP1|MIR107|MIR146B|MIR1915|MIR1915HG|MIR346|MKI67|MKX|MLLT10|MMP21|MMRN2|MMS19|MORN4|MPP7|MRPL43|MRPS16|MSMB|MSRB2|MSS51|MTG1|MTPAP|MTRNR2L5|MTRNR2L7|MXI1|MYO3A|MYOF|MYOZ1|MYPN|NANOS1|NCOA4|NDST2|NDUFB8|NEBL|NET1|NEURL1|NEUROG3|NFKB2|NHLRC2|NKX1-2|NKX2-3|NKX6-2|NMT2|NOC3L|NODAL|NOLC1|NPFFR1|NPM3|NPS|NPY4R|NRAP|NRBF2|NRG3|NRP1|NSMCE4A|NSUN6|NT5C2|NUDT13|NUDT5|NUTM2A|NUTM2B|OAT|ODAD2|OGA|OGDHL|OIT3|OLAH|OPALIN|OPN4|OPTN|OR13A1|OTUD1|P4HA1|PALD1|PANK1|PAOX|PAPSS2|PARD3|PARG|PAX2|PBLD|PCBD1|PCDH15|PCGF5|PCGF6|PDCD11|PDCD4|PDE6C|PDLIM1|PDSS1|PDZD7|PDZD8|PFKFB3|PFKP|PGAM1|PGBD3|PHYH|PHYHIPL|PI4K2A|PIK3AP1|PIP4K2A|PITRM1|PITX3|PKD2L1|PLA2G12B|PLAC9|PLAU|PLCE1|PLEKHA1|PLEKHS1|PLPP4|PLXDC2|PNLIP|PNLIPRP1|PNLIPRP2|PNLIPRP3|POFUT4|POLL|POLR3A|PPA1|PPIF|PPP1R3C|PPP2R2D|PPP3CB|PPRC1|PRAP1|PRDX3|PRF1|PRINS|PRKCQ|PRKG1|PRLHR|PROSER2|PRPF18|PRTFDC1|PRXL2A|PSAP|PSD|PSTK|PTCHD3|PTEN|PTER|PTF1A|PTPN20|PTPRE|PWWP2B|PYROXD2|R3HCC1L|RAB11FIP2|RAB18|RASGEF1A|RASSF4|RBM17|RBM20|RBP3|RBP4|REEP3|RET|RGR|RGS10|RHOBTB1|RNLS|RPP30|RPP38|RPP38-DT|RPS24|RRP12|RSU1|RTKN2|RUFY2|SAMD8|SAR1A|SCD|SEC23IP|SEC24C|SEC31B|SEC61A2|SEMA4G|SEPHS1|SFMBT2|SFR1|SFRP5|SFTPA1|SFTPA2|SFTPD|SFXN2|SFXN3|SFXN4|SGMS1|SGPL1|SH2D4B|SH3PXD2A|SHLD2|SHOC2|SHTN1|SIRT1|SKIDA1|SLC16A12|SLC16A9|SLC18A2|SLC18A3|SLC25A16|SLC25A28|SLC29A3|SLC35G1|SLC39A12|SLC68A1|SLF2|SLIT1|SLK|SMC3|SMNDC1|SNCG|SNORA12|SORBS1|SORCS1|SORCS3|SPAG6|SPMIP5|SPOCK2|SPRN|SRGN|ST8SIA6|STAM|STAMBPL1|STK32C|STN1|STOX1|SUFU|SUPV3L1|SUV39H2|SVIL|SYCE1|SYNPO2L|SYT15|TACC2|TACR2|TAF3|TAF5|TASOR2|TBATA|TBC1D12|TCERG1L|TCERG1L-AS1|TCF7L2|TCTN3|TDRD1		See cases	VCV000441987	10	100027 - 135427143			441987	435649			copy number gain		Pathogenic	Jul 14, 2015	no assertion criteria provided							
GRCh37/hg19 10p15.3-q26.3(chr10:100027-135427143)x3	A1CF|ABCC2|ABI1|ABLIM1|ABRAXAS2|ACADSB|ACBD5|ACBD7|ACSL5|ACSM6|ACTA2|ACTR1A|ADAM12|ADAM8|ADAMTS14|ADARB2|ADD3|ADGRA1|ADIRF|ADIRF-AS1|ADK|ADO|ADRA2A|ADRB1|AFAP1L2|AGAP10|AGAP11|AGAP4|AGAP5|AGAP6|AGAP9|AIFM2|AKR1C1|AKR1C2|AKR1C3|AKR1C4|AKR1E2|ALDH18A1|ALOX5|ANAPC16|ANK3|ANKRD1|ANKRD16|ANKRD2|ANKRD22|ANKRD26|ANKRD30A|ANXA11|ANXA7|ANXA8|ANXA8L1|AP3M1|APBB1IP|ARHGAP12|ARHGAP19|ARHGAP21|ARHGAP22|ARID5B|ARL3|ARL5B|ARMC3|ARMH3|ARMS2|AS3MT|ASAH2|ASAH2B|ASB13|ASCC1|ATAD1|ATE1|ATOH7|ATP5F1C|ATP5MK|ATRNL1|AVPI1|BAG3|BAMBI|BBIP1|BCCIP|BEND7|BICC1|BLNK|BLOC1S2|BMI1|BMPR1A|BMS1|BNIP3|BORCS7|BTAF1|BTBD16|BTRC|BUB3|C10orf105|C10orf113|C10orf12|C10orf120|C10orf126|C10orf131|C10orf53|C10orf55|C10orf62|C10orf67|C10orf71|C10orf88|C10orf90|C10orf95|C1QL3|CABCOCO1|CACNB2|CACUL1|CALHM1|CALHM2|CALHM3|CALML3|CALML3-AS1|CALML5|CALY|CAMK1D|CAMK2G|CASC2|CASP7|CC2D2B|CCAR1|CCDC172|CCDC186|CCDC3|CCDC6|CCDC7|CCNJ|CCNY|CCSER2|CDC123|CDH23|CDHR1|CDK1|CDNF|CELF2|CEP55|CFAP43|CFAP46|CFAP58|CFAP70|CH25H|CHAT|CHCHD1|CHST15|CHST3|CHUK|CISD1|CLRN3|CNNM1|CNNM2|COL13A1|COL17A1|COMMD3|COMMD3-BMI1|COMTD1|COX15|CPEB3|CPN1|CPXM2|CREM|CRTAC1|CSGALNACT2|CSTF2T|CTBP2|CTNNA3|CUBN|CUEDC2|CUL2|CUTC|CUZD1|CWF19L1|CXCL12|CYP17A1|CYP26A1|CYP26C1|CYP2C18|CYP2C19|CYP2C8|CYP2C9|CYP2E1|DCLRE1A|DCLRE1C|DDIT4|DDX21|DDX50|DENND10|DEPP1|DHTKD1|DHX32|DIP2C|DKK1|DLG5|DMBT1|DNA2|DNAJB12|DNAJC1|DNAJC12|DNAJC9|DNMBP|DNTT|DOCK1|DPCD|DPYSL4|DRGX|DUSP13B|DUSP29|DUSP5|DYDC1|DYDC2|EBF3|EBLN1|ECD|ECHDC3|ECHS1|EDRF1|EEF1AKMT2|EGR2|EIF3A|EIF4EBP2|EIF5AL1|ELOVL3|EMX2|EMX2OS|ENKUR|ENO4|ENTPD1|ENTPD7|EPC1|ERCC6|ERLIN1|EXOC6|EXOSC1|FAM107B|FAM13C|FAM149B1|FAM170B|FAM171A1|FAM204A|FAM241B|FAM24A|FAM24B|FAM25A|FAM25C|FAM25E|FAM25G|FAM53B|FANK1|FAS|FAS-AS1|FBH1|FBXL15|FBXW4|FFAR4|FGF8|FGFBP3|FGFR2|FHIP2A|FOXI2|FRA10AC1|FRAT1|FRAT2|FRMD4A|FRMPD2|FUOM|FXYD4|FZD8|GAD2|GATA3|GBF1|GDF10|GDF2|GDI2|GFRA1|GHITM|GJD4|GLRX3|GLUD1|GOLGA7B|GOT1|GPAM|GPR158|GPR15LG|GPR26|GPRIN2|GRID1|GRK5|GSTO1|GSTO2|GTPBP4|HABP2|HACD1|HECTD2|HELLS|HERC4|HHEX|HIF1AN|HK1|HKDC1|HMX2|HMX3|HNRNPF|HNRNPH3|HOGA1|HPS1|HPS6|HPSE2|HSPA12A|HSPA14|HTR7|HTRA1|IDE|IDI1|IDI2|IFIT1|IFIT1B|IFIT2|IFIT3|IFIT5|IKZF5|IL15RA|IL2RA|INA|INPP5A|INPP5F|INSYN2A|IPMK|ITGA8|ITGB1|ITIH2|ITIH5|ITPRIP|JAKMIP3|JCAD|JMJD1C|KAT6B|KAZALD1|KCNIP2|KCNK18|KCNMA1|KIAA1217|KIF11|KIF20B|KIF5B|KIFBP|KIN|KLF6|KLLN|KNDC1|LARP4B|LBX1|LCOR|LDB1|LDB3|LGI1|LHPP|LINC01166|LINC01520|LINC02870|LIPA|LIPF|LIPJ|LIPK|LIPM|LIPN|LOC101929662|LOXL4|LRIT1|LRIT2|LRMDA|LRRC18|LRRC20|LRRC27|LRRTM3|LYZL1|LYZL2|LZTS2|MACROH2A2|MAP3K8|MAPK8|MARCHF5|MARCHF8|MARVELD1|MASTL|MAT1A|MBL2|MCM10|MCMBP|MCU|MEIG1|MGMT|MICU1|MINDY3|MINPP1|MIR107|MIR146B|MIR1915|MIR1915HG|MIR346|MKI67|MKX|MLLT10|MMP21|MMRN2|MMS19|MORN4|MPP7|MRPL43|MRPS16|MSMB|MSRB2|MSS51|MTG1|MTPAP|MTRNR2L5|MTRNR2L7|MXI1|MYO3A|MYOF|MYOZ1|MYPN|NANOS1|NCOA4|NDST2|NDUFB8|NEBL|NET1|NEURL1|NEUROG3|NFKB2|NHLRC2|NKX1-2|NKX2-3|NKX6-2|NMT2|NOC3L|NODAL|NOLC1|NPFFR1|NPM3|NPS|NPY4R|NRAP|NRBF2|NRG3|NRP1|NSMCE4A|NSUN6|NT5C2|NUDT13|NUDT5|NUTM2A|NUTM2B|OAT|ODAD2|OGA|OGDHL|OIT3|OLAH|OPALIN|OPN4|OPTN|OR13A1|OTUD1|P4HA1|PALD1|PANK1|PAOX|PAPSS2|PARD3|PARG|PAX2|PBLD|PCBD1|PCDH15|PCGF5|PCGF6|PDCD11|PDCD4|PDE6C|PDLIM1|PDSS1|PDZD7|PDZD8|PFKFB3|PFKP|PGAM1|PGBD3|PHYH|PHYHIPL|PI4K2A|PIK3AP1|PIP4K2A|PITRM1|PITX3|PKD2L1|PLA2G12B|PLAC9|PLAU|PLCE1|PLEKHA1|PLEKHS1|PLPP4|PLXDC2|PNLIP|PNLIPRP1|PNLIPRP2|PNLIPRP3|POFUT4|POLL|POLR3A|PPA1|PPIF|PPP1R3C|PPP2R2D|PPP3CB|PPRC1|PRAP1|PRDX3|PRF1|PRINS|PRKCQ|PRKG1|PRLHR|PROSER2|PRPF18|PRTFDC1|PRXL2A|PSAP|PSD|PSTK|PTCHD3|PTEN|PTER|PTF1A|PTPN20|PTPRE|PWWP2B|PYROXD2|R3HCC1L|RAB11FIP2|RAB18|RASGEF1A|RASSF4|RBM17|RBM20|RBP3|RBP4|REEP3|RET|RGR|RGS10|RHOBTB1|RNLS|RPP30|RPP38|RPP38-DT|RPS24|RRP12|RSU1|RTKN2|RUFY2|SAMD8|SAR1A|SCD|SEC23IP|SEC24C|SEC31B|SEC61A2|SEMA4G|SEPHS1|SFMBT2|SFR1|SFRP5|SFTPA1|SFTPA2|SFTPD|SFXN2|SFXN3|SFXN4|SGMS1|SGPL1|SH2D4B|SH3PXD2A|SHLD2|SHOC2|SHTN1|SIRT1|SKIDA1|SLC16A12|SLC16A9|SLC18A2|SLC18A3|SLC25A16|SLC25A28|SLC29A3|SLC35G1|SLC39A12|SLC68A1|SLF2|SLIT1|SLK|SMC3|SMNDC1|SNCG|SNORA12|SORBS1|SORCS1|SORCS3|SPAG6|SPMIP5|SPOCK2|SPRN|SRGN|ST8SIA6|STAM|STAMBPL1|STK32C|STN1|STOX1|SUFU|SUPV3L1|SUV39H2|SVIL|SYCE1|SYNPO2L|SYT15|TACC2|TACR2|TAF3|TAF5|TASOR2|TBATA|TBC1D12|TCERG1L|TCERG1L-AS1|TCF7L2|TCTN3|TDRD1|TECTB|TET1|TEX36|TFAM|THNSL1|TIAL1|TIMM23|TLL2|TLX1|TLX1NB|TM9SF3|TMEM254|TMEM26|TMEM273|TMEM72|TNKS2|TRDMT1|TRIM8|TRUB1|TSPAN14|TSPAN15|TUBAL3|TUBGCP2|TWNK|TYSND1|UBE2D1|UBTD1|UCMA|UCN3|UNC5B|UPF2|UROS|USP54|USP6NL|UTF1|VAX1|VCL|VDAC2|VENTX|VIM|VPS26A|VSIR|VSTM4|VTI1A|VWA2|WAC|WAPL|WASHC2A|WASHC2C|WBP1L|WDFY4|WDR11|WDR37|WNT8B|XPNPEP1|YME1L1|ZCCHC24|ZDHHC16|ZDHHC6|ZEB1|ZFAND4|ZFYVE27|ZMIZ1|ZMYND11|ZNF22|ZNF22-AS1|ZNF239|ZNF248|ZNF25|ZNF32|ZNF33A|ZNF33B|ZNF365|ZNF37A|ZNF438|ZNF485|ZNF488|ZNF503|ZNF511|ZNF518A|ZRANB1|ZSWIM8|ZWINT		See cases	VCV000441986	10	100027 - 135427143			441986	435648			copy number gain		Pathogenic	Dec 2, 2014	no assertion criteria provided							
GRCh37/hg19 10q23.32-24.2(chr10:93908171-101809723)x1	ABCC2|ACSM6|ALDH18A1|ANKRD2|ARHGAP19|AVPI1|BLNK|C10orf12|C10orf131|C10orf62|CC2D2B|CCNJ|CEP55|CNNM1|COX15|CPEB3|CPN1|CRTAC1|CUTC|CYP26A1|CYP26C1|CYP2C18|CYP2C19|CYP2C8|CYP2C9|DNMBP|DNTT|ENTPD1|ENTPD7|EXOC6|EXOSC1|FFAR4|FRA10AC1|FRAT1|FRAT2|GOLGA7B|GOT1|HELLS|HHEX|HOGA1|HPS1|HPSE2|IDE|KIF11|LCOR|LGI1|LOXL4|MARCHF5|MARVELD1|MMS19|MORN4|MYOF|NKX2-3|NOC3L|OPALIN|PDE6C|PDLIM1|PGAM1|PI4K2A|PIK3AP1|PLCE1|PYROXD2|R3HCC1L|RBP4|RRP12|SFRP5|SLC25A28|SLC35G1|SLIT1|SORBS1|TBC1D12|TCTN3|TLL2|TM9SF3|UBTD1|ZDHHC16|ZFYVE27|ZNF518A		See cases	VCV000441822	10	93908171 - 101809723			441822	435484			copy number loss		Pathogenic	Feb 24, 2015	no assertion criteria provided							
GRCh37/hg19 10q23.33(chr10:96522575-96702831)x3	CYP2C19|CYP2C9		See cases	VCV000395077	10	96522575 - 96702831			395077	381970			copy number gain		Likely benign		no assertion criteria provided							
GRCh37/hg19 10p15.3-q26.3(chr10:93297-135378918)x3	CEP55|CFAP43|COMMD3|COMMD3-BMI1|COMTD1|CWF19L1|CXCL12|DCLRE1A|DNAJB12|DPCD|DPYSL4|EIF5AL1|ELOVL3|FAM170B|FAM171A1|FAM53B|FANK1|FRAT2|FRMD4A|GOLGA7B|HERC4|HNRNPF|IFIT2|IFIT3|JCAD|JMJD1C|LARP4B|LBX1|LRMDA|LRRC18|MARCHF8|MARVELD1|MINPP1|MIR107|MIR146B|MPP7|MRPL43|NDST2|NDUFB8|NRAP|NRBF2|P4HA1|PALD1|PGAM1|PGBD3|PNLIPRP2|PPRC1|PRAP1|PRDX3|PSTK|RBM20|RBP3|SFMBT2|SFR1|SH3PXD2A|SHLD2|SLC68A1|ST8SIA6|STAM|SYNPO2L|SYT15|TACC2|TIMM23|TLL2|TMEM72|TNKS2|TRDMT1|TRIM8|TMEM254|TMEM26|TMEM273|TRUB1|TSPAN14|TACR2|TAF3|TAF5|TASOR2|TBATA|TBC1D12|TCERG1L|TCERG1L-AS1|TIAL1|TLX1|TLX1NB|STAMBPL1|STK32C|SUFU|STN1|STOX1|SUPV3L1|SUV39H2|SVIL|SYCE1|TM9SF3|TFAM|THNSL1|SLF2|SPRN|SRGN|SLC25A16|SLC25A28|SLC29A3|SLC35G1|SLC39A12|SORCS3|SPAG6|SPMIP5|SLIT1|SLK|SFRP5|SFTPA1|SGMS1|SGPL1|SH2D4B|SFTPA2|SFTPD|SFXN2|SFXN3|SFXN4|SPOCK2|SLC16A9|SLC18A2|RBP4|REEP3|RPP38|RPP38-DT|SEC23IP|SEC24C|SEC31B|SEC61A2|SEMA4G|SEPHS1|SAR1A|SCD|SLC18A3|RBM17|PTCHD3|PWWP2B|PRXL2A|PSAP|PRTFDC1|PSD|RAB11FIP2|RAB18|PYROXD2|R3HCC1L|PNLIPRP3|POFUT4|POLL|PPP3CB|POLR3A|PPA1|PPIF|PNLIP|PNLIPRP1|PPP1R3C|PPP2R2D|RASGEF1A|RASSF4|PRPF18|PFKP|PLEKHA1|PLEKHS1|PAPSS2|PARD3|PARG|PCGF6|PDCD11|PDCD4|PLPP4|ODAD2|OGA|OGDHL|OPTN|OR13A1|OTUD1|PLXDC2|OIT3|OLAH|OPALIN|OPN4|PANK1|PAOX|NKX1-2|NOC3L|NODAL|MTRNR2L5|MTRNR2L7|MXI1|MTG1|NOLC1|NPFFR1|NPM3|NPS|NPY4R|NKX2-3|NKX6-2|NMT2|MIR1915HG|MIR346|MLLT10|MMP21|MMRN2|MKI67|MKX|MMS19|MORN4|MRPS16|MSMB|MSRB2|MSS51|MASTL|MAT1A|MBL2|MCM10|MCMBP|MEIG1|MGMT|MICU1|MCU|MINDY3|MTPAP|MIR1915|LRRC20|LRRC27|LRRTM3|LZTS2|LDB3|LRIT1|LRIT2|LYZL1|LYZL2|MACROH2A2|MAP3K8|MAPK8|MARCHF5|KLF6|KIAA1217|KLLN|KNDC1|LCOR|LOC101929662|LOXL4|IFIT5|IKZF5|IL15RA|ITGA8|ITGB1|ITIH2|IFIT1B|ITIH5|ITPRIP|JAKMIP3|LDB1|HNRNPH3|HOGA1|HK1|HMX2|HMX3|HTR7|HTRA1|IDE|IDI1|GOT1|GPAM|HECTD2|HELLS|GPR158|GPR15LG|GPR26|GPRIN2|HACD1|IDI2|IFIT1|HHEX|HIF1AN|FRMPD2|FUOM|GFRA1|GHITM|GJD4|GLRX3|GLUD1|FOXI2|FRA10AC1|FRAT1|GAD2|FXYD4|FZD8|HKDC1|FAM25G|FFAR4|FAM241B|FAM24A|FAM24B|FAM25A|FAM25C|FAM25E|FGF8|EPC1|ERCC6|ERLIN1|EXOC6|EXOSC1|FAM107B|FAM13C|FAM149B1|FGFBP3|FGFR2|FHIP2A|FAM204A|DRGX|DUSP13B|DUSP29|DUSP5|DNAJC9|DNMBP|DNTT|DYDC1|DYDC2|EEF1AKMT2|EGR2|EIF3A|EIF4EBP2|DHTKD1|DHX32|DIP2C|DKK1|DLG5|DMBT1|DNA2|DNAJC1|DOCK1|CYP17A1|CYP26A1|CYP26C1|CYP2C18|CYP2C19|CUZD1|CYP2C8|CYP2C9|CYP2E1|DNAJC12|COL17A1|CFAP70|CH25H|CNNM2|COL13A1|CLRN3|CNNM1|CRTAC1|CSGALNACT2|CSTF2T|CCNY|CCSER2|CDC123|CCNJ|CTBP2|CFAP46|CFAP58|CDH23|CDHR1|CDK1|CDNF|CELF2|CHAT|CHCHD1|CHST15|CHST3|CHUK|CISD1|COX15|CPEB3|CPN1|CPXM2|CREM|CTNNA3|CUBN|CUEDC2|CUL2|CUTC|DCLRE1C|DDIT4|DDX21|DDX50|DENND10|DEPP1|EBF3|EBLN1|ECD|ECHDC3|ECHS1|EDRF1|EMX2|EMX2OS|ENKUR|ENO4|ENTPD1|ENTPD7|FAS|FAS-AS1|FBH1|FBXL15|FBXW4|GATA3|GBF1|GDF10|GDF2|GDI2|GRID1|GRK5|GSTO1|GSTO2|GTPBP4|HABP2|HPS1|HPS6|HPSE2|HSPA12A|HSPA14|IL2RA|INA|INPP5A|INPP5F|INSYN2A|IPMK|KAT6B|KAZALD1|KCNIP2|KCNK18|KCNMA1|KIF11|KIF20B|KIF5B|KIFBP|KIN|LGI1|LHPP|LINC01166|LINC01520|LINC02870|LIPA|LIPF|LIPJ|LIPK|LIPM|LIPN|MYO3A|MYOF|MYOZ1|MYPN|NANOS1|NCOA4|NEBL|NET1|NEURL1|NEUROG3|NFKB2|NHLRC2|NRG3|NRP1|NSMCE4A|NSUN6|NT5C2|NUDT13|NUDT5|NUTM2A|NUTM2B|OAT|PAX2|PBLD|PCBD1|PCDH15|PCGF5|PDE6C|PDLIM1|PDSS1|PDZD7|PDZD8|PFKFB3|PHYH|PHYHIPL|PI4K2A|PIK3AP1|PIP4K2A|PITRM1|PITX3|PKD2L1|PLA2G12B|PLAC9|PLAU|PLCE1|PRF1|PRINS|PRKCQ|PRKG1|PRLHR|PROSER2|PTEN|PTER|PTF1A|PTPN20|PTPRE|RET|RGR|RGS10|RHOBTB1|RNLS|RPP30|RPS24|RRP12|RSU1|RTKN2|RUFY2|SAMD8|SHOC2|SHTN1|SIRT1|SKIDA1|SLC16A12|SMC3|SMNDC1|SNCG|SNORA12|SORBS1|SORCS1|TCF7L2|TCTN3|TDRD1|TECTB|TET1|TEX36|TSPAN15|TUBAL3|TUBB8|TUBGCP2|TWNK|TYSND1|UBE2D1|UBTD1|UCMA|UCN3|UNC5B|UPF2|UROS|USP54|USP6NL|UTF1|VAX1|VCL|VDAC2|VENTX|VIM|VPS26A|VSIR|VSTM4|VTI1A|VWA2|WAC|WAPL|WASHC2A|WASHC2C|WBP1L|WDFY4|WDR11|WDR37|WNT8B|XPNPEP1|YME1L1|ZCCHC24|ZDHHC16|ZDHHC6|ZEB1|ZFAND4|ZFYVE27|ZMIZ1|ZMYND11|ZNF22|ZNF22-AS1|ZNF239|ZNF248|ZNF25|ZNF32|ZNF33A|ZNF33B|ZNF365|ZNF37A|ZNF438|ZNF485|ZNF488|ZNF503|ZNF511|ZNF518A|ZRANB1|ZSWIM8|ZWINT|A1CF|ABCC2|ABI1|ABLIM1|ABRAXAS2|ACADSB|ACBD5|ACBD7|ACSL5|ACSM6|ACTA2|ACTR1A|ADAM12|ADAM8|ADAMTS14|ADARB2|ADD3|ADGRA1|ADIRF|ADIRF-AS1|ADK|ADO|ADRA2A|ADRB1|AFAP1L2|AGAP10|AGAP11|AGAP4|AGAP5|AGAP6|AGAP9|AIFM2|AKR1C1|AKR1C2|AKR1C3|AKR1C4|AKR1E2|ALDH18A1|ALOX5|ANAPC16|ANK3|ANKRD1|ANKRD16|ANKRD2|ANKRD22|ANKRD26|ANKRD30A|ANXA11|ANXA7|ANXA8|ANXA8L1|AP3M1|APBB1IP|ARHGAP12|ARHGAP19|ARHGAP21|ARHGAP22|ARID5B|ARL3|ARL5B|ARMC3|ARMH3|ARMS2|AS3MT|ASAH2|ASAH2B|ASB13|ASCC1|ATAD1|ATE1|ATOH7|ATP5F1C|ATP5MK|ATRNL1|AVPI1|BAG3|BAMBI|BBIP1|BCCIP|BEND7|BICC1|BLNK|BLOC1S2|BMI1|BMPR1A|BMS1|BNIP3|BORCS7|BTAF1|BTBD16|BTRC|BUB3|C10orf105|C10orf113|C10orf12|C10orf120|C10orf126|C10orf131|C10orf53|C10orf55|C10orf62|C10orf67|C10orf71|C10orf88|C10orf90|C10orf95|C1QL3|CABCOCO1|CACNB2|CACUL1|CALHM1|CALHM2|CALHM3|CALML3|CALML3-AS1|CALML5|CALY|CAMK1D|CAMK2G|CASC2|CASP7|CC2D2B|CCAR1|CCDC172|CCDC186|CCDC3|CCDC6|CCDC7		See cases	VCV000393995	10	93297 - 135378918			393995	380888			copy number gain		Pathogenic		no assertion criteria provided							
GRCh37/hg19 10q23.1-25.1(chr10:85557432-105804295)x1	ABCC2|ACSM6|ACTA2|ACTR1A|ADIRF|ADIRF-AS1|AGAP11|ALDH18A1|ANKRD1|ANKRD2|ANKRD22|ARHGAP19|ARL3|ARMH3|AS3MT|ATAD1|ATP5MK|AVPI1|BLNK|BLOC1S2|BMPR1A|BORCS7|BTAF1|BTRC|C10orf12|C10orf131|C10orf62|C10orf95|CALHM1|CALHM2|CALHM3|CC2D2B|CCNJ|CCSER2|CDHR1|CEP55|CH25H|CHUK|CNNM1|CNNM2|COL17A1|COX15|CPEB3|CPN1|CRTAC1|CUEDC2|CUTC|CWF19L1|CYP17A1|CYP26A1|CYP26C1|CYP2C18|CYP2C19|CYP2C8|CYP2C9|DNMBP|DNTT|DPCD|ELOVL3|ENTPD1|ENTPD7|ERLIN1|EXOC6|EXOSC1|FAM25A|FAS|FAS-AS1|FBXL15|FBXW4|FFAR4|FGF8|FGFBP3|FRA10AC1|FRAT1|FRAT2|GBF1|GHITM|GLUD1|GOLGA7B|GOT1|GPR15LG|GRID1|HECTD2|HELLS|HHEX|HIF1AN|HOGA1|HPS1|HPS6|HPSE2|HTR7|IDE|IFIT1|IFIT1B|IFIT2|IFIT3|IFIT5|INA|KAZALD1|KCNIP2|KIF11|KIF20B|KLLN|LBX1|LCOR|LDB1|LDB3|LGI1|LINC01520|LIPA|LIPF|LIPJ|LIPK|LIPM|LIPN|LOC101929662|LOXL4|LRIT1|LRIT2|LZTS2|MARCHF5|MARVELD1|MINPP1|MIR107|MIR146B|MIR346|MMRN2|MMS19|MORN4|MRPL43|MYOF|NDUFB8|NEURL1|NFKB2|NKX2-3|NOC3L|NOLC1|NPM3|NT5C2|NUTM2A|OGA|OPALIN|OPN4|PANK1|PAPSS2|PAX2|PCGF5|PCGF6|PDCD11|PDE6C|PDLIM1|PDZD7|PGAM1|PI4K2A|PIK3AP1|PITX3|PKD2L1|PLCE1|POLL|PPP1R3C|PPRC1|PSD|PTEN|PYROXD2|R3HCC1L|RBP4|RGR|RNLS|RPP30|RRP12|SCD|SEC31B|SEMA4G|SFRP5|SFXN2|SFXN3|SH3PXD2A|SHLD2|SLC16A12|SLC25A28|SLC35G1|SLC68A1|SLF2|SLIT1|SLK|SNCG|SNORA12|SORBS1|STAMBPL1|STN1|SUFU|TAF5|TBC1D12|TCTN3|TLL2|TLX1|TLX1NB|TM9SF3|TNKS2|TRIM8|TWNK|UBTD1|WAPL|WBP1L|WNT8B|ZDHHC16|ZFYVE27|ZNF518A		Poly (ADP-Ribose) polymerase inhibitor response	VCV000377387	10	85557432 - 105804295			377387	364269			copy number loss		drug response	Nov 27, 2017	no assertion criteria provided							
